"","CONDITION","ID","TIME","DV","YTYPE","TAD","MDV","AMT","RATE","ADDL","II","SPECIES","DOSE","ROUTE","FORMULATION","BQL","WT","LVW","CMT2","IXGDF","USUBJID","EVID","CENS","ADM","TINF","TIMEPOS"
"1","1",1,0,NA,NA,0,1,276800,NA,0,0,1,10,1,1,0,27.68,1.3003,2,1,"SJ1",1,0,0,0,0
"2","1",1,0.033,7333.59,1,0.033,0,NA,NA,0,0,1,10,1,1,0,27.68,1.3003,2,2,"SJ1",0,0,NA,0,0.033
"3","2",2,0,NA,NA,0,1,269800,NA,0,0,1,10,1,1,0,26.98,1.3003,2,3,"SJ2",1,0,0,0,0
"4","2",2,0.033,4663.91,1,0.033,0,NA,NA,0,0,1,10,1,1,0,26.98,1.3003,2,4,"SJ2",0,0,NA,0,0.033
"5","3",3,0,NA,NA,0,1,295700,NA,0,0,1,10,1,1,0,29.57,1.3003,2,5,"SJ3",1,0,0,0,0
"6","3",3,0.033,3794.48,1,0.033,0,NA,NA,0,0,1,10,1,1,0,29.57,1.3003,2,6,"SJ3",0,0,NA,0,0.033
"7","4",4,0,NA,NA,0,1,298400,NA,0,0,1,10,1,1,0,29.84,1.3003,2,7,"SJ4",1,0,0,0,0
"8","4",4,0.083,1191.5,1,0.083,0,NA,NA,0,0,1,10,1,1,0,29.84,1.3003,2,8,"SJ4",0,0,NA,0,0.083
"9","5",5,0,NA,NA,0,1,279700,NA,0,0,1,10,1,1,0,27.97,1.3003,2,9,"SJ5",1,0,0,0,0
"10","5",5,0.083,1178.81,1,0.083,0,NA,NA,0,0,1,10,1,1,0,27.97,1.3003,2,10,"SJ5",0,0,NA,0,0.083
"11","6",6,0,NA,NA,0,1,305200,NA,0,0,1,10,1,1,0,30.52,1.3003,2,11,"SJ6",1,0,0,0,0
"12","6",6,0.083,1258.79,1,0.083,0,NA,NA,0,0,1,10,1,1,0,30.52,1.3003,2,12,"SJ6",0,0,NA,0,0.083
"13","7",7,0,NA,NA,0,1,282000,NA,0,0,1,10,1,1,0,28.2,1.3003,2,13,"SJ7",1,0,0,0,0
"14","7",7,0.25,879.32,1,0.25,0,NA,NA,0,0,1,10,1,1,0,28.2,1.3003,2,14,"SJ7",0,0,NA,0,0.25
"15","8",8,0,NA,NA,0,1,275600,NA,0,0,1,10,1,1,0,27.56,1.3003,2,15,"SJ8",1,0,0,0,0
"16","8",8,0.25,525.94,1,0.25,0,NA,NA,0,0,1,10,1,1,0,27.56,1.3003,2,16,"SJ8",0,0,NA,0,0.25
"17","9",9,0,NA,NA,0,1,282400,NA,0,0,1,10,1,1,0,28.24,1.3003,2,17,"SJ9",1,0,0,0,0
"18","9",9,0.25,546.45,1,0.25,0,NA,NA,0,0,1,10,1,1,0,28.24,1.3003,2,18,"SJ9",0,0,NA,0,0.25
"19","10",10,0,NA,NA,0,1,283600,NA,0,0,1,10,1,1,0,28.36,1.3003,2,19,"SJ10",1,0,0,0,0
"20","10",10,0.5,1256.22,1,0.5,0,NA,NA,0,0,1,10,1,1,0,28.36,1.3003,2,20,"SJ10",0,0,NA,0,0.5
"21","11",11,0,NA,NA,0,1,303800,NA,0,0,1,10,1,1,0,30.38,1.6399,2,21,"SJ11",1,0,0,0,0
"22","11",11,0.5,356.47,1,0.5,0,NA,NA,0,0,1,10,1,1,0,30.38,1.6399,2,22,"SJ11",0,0,NA,0,0.5
"23","12",12,0,NA,NA,0,1,276100,NA,0,0,1,10,1,1,0,27.61,1.3386,2,23,"SJ12",1,0,0,0,0
"24","12",12,0.5,49.88,1,0.5,0,NA,NA,0,0,1,10,1,1,0,27.61,1.3386,2,24,"SJ12",0,0,NA,0,0.5
"25","13",13,0,NA,NA,0,1,288900,NA,0,0,1,10,1,1,0,28.89,1.5619,2,25,"SJ13",1,0,0,0,0
"26","13",13,0.75,231.89,1,0.75,0,NA,NA,0,0,1,10,1,1,0,28.89,1.5619,2,26,"SJ13",0,0,NA,0,0.75
"27","14",14,0,NA,NA,0,1,279100,NA,0,0,1,10,1,1,0,27.91,1.5619,2,27,"SJ14",1,0,0,0,0
"28","14",14,0.75,21.36,1,0.75,0,NA,NA,0,0,1,10,1,1,0,27.91,1.5619,2,28,"SJ14",0,0,NA,0,0.75
"29","15",15,0,NA,NA,0,1,290300,NA,0,0,1,10,1,1,0,29.03,1.5619,2,29,"SJ15",1,0,0,0,0
"30","15",15,0.75,16.51,1,0.75,0,NA,NA,0,0,1,10,1,1,0,29.03,1.5619,2,30,"SJ15",0,0,NA,0,0.75
"31","16",16,0,NA,NA,0,1,277400,NA,0,0,1,10,1,1,0,27.74,1.5619,2,31,"SJ16",1,0,0,0,0
"32","16",16,1,307.94,1,1,0,NA,NA,0,0,1,10,1,1,0,27.74,1.5619,2,32,"SJ16",0,0,NA,0,1
"33","17",17,0,NA,NA,0,1,280000,NA,0,0,1,10,1,1,0,28,1.1481,2,33,"SJ17",1,0,0,0,0
"34","17",17,1,551.86,1,1,0,NA,NA,0,0,1,10,1,1,0,28,1.1481,2,34,"SJ17",0,0,NA,0,1
"35","18",18,0,NA,NA,0,1,290300,NA,0,0,1,10,1,1,0,29.03,1.4717,2,35,"SJ18",1,0,0,0,0
"36","18",18,1,6.69,1,1,0,NA,NA,0,0,1,10,1,1,0,29.03,1.4717,2,36,"SJ18",0,0,NA,0,1
"37","19",19,0,NA,NA,0,1,281000,NA,0,0,1,10,1,1,0,28.1,1.464,2,37,"SJ19",1,0,0,0,0
"38","19",19,2,0.9,1,2,0,NA,NA,0,0,1,10,1,1,0,28.1,1.464,2,38,"SJ19",0,0,NA,0,2
"39","20",20,0,NA,NA,0,1,276700,NA,0,0,1,10,1,1,0,27.67,1.4273,2,39,"SJ20",1,0,0,0,0
"40","20",20,2,4.8,1,2,0,NA,NA,0,0,1,10,1,1,0,27.67,1.4273,2,40,"SJ20",0,0,NA,0,2
"41","21",21,0,NA,NA,0,1,265200,NA,0,0,1,10,1,1,0,26.52,1.2356,2,41,"SJ21",1,0,0,0,0
"42","21",21,2,3.6,1,2,0,NA,NA,0,0,1,10,1,1,0,26.52,1.2356,2,42,"SJ21",0,0,NA,0,2
"43","25",25,0,NA,NA,0,1,270300,NA,0,0,1,10,1,1,0,27.03,1.5917,2,43,"SJ22",1,0,0,0,0
"44","25",25,4,1.02,1,4,0,NA,NA,0,0,1,10,1,1,0,27.03,1.5917,2,44,"SJ22",0,0,NA,0,4
"45","26",26,0,NA,NA,0,1,282900,NA,0,0,1,10,1,1,0,28.29,1.5331,2,45,"SJ23",1,0,0,0,0
"46","26",26,4,0.03,1,4,0,NA,NA,0,0,1,10,1,1,0,28.29,1.5331,2,46,"SJ23",0,0,NA,0,4
"47","27",27,0,NA,NA,0,1,278400,NA,0,0,1,10,1,1,0,27.84,1.5836,2,47,"SJ24",1,0,0,0,0
"48","27",27,4,1.2,1,4,0,NA,NA,0,0,1,10,1,1,0,27.84,1.5836,2,48,"SJ24",0,0,NA,0,4
"49","28",28,0,NA,NA,0,1,278800,NA,0,0,1,10,1,1,1,27.88,1.7962,2,49,"SJ25",1,0,0,0,0
"50","28",28,6,NA,NA,6,1,NA,NA,0,0,1,10,1,1,1,27.88,1.7962,2,50,"SJ25",1,0,0,0,6
"51","29",29,0,NA,NA,0,1,265100,NA,0,0,1,10,1,1,0,26.51,1.7962,2,51,"SJ26",1,0,0,0,0
"52","29",29,6,0.6,1,6,0,NA,NA,0,0,1,10,1,1,0,26.51,1.7962,2,52,"SJ26",0,0,NA,0,6
"53","30",30,0,NA,NA,0,1,289400,NA,0,0,1,10,1,1,0,28.94,1.7962,2,53,"SJ27",1,0,0,0,0
"54","30",30,6,3.05,1,6,0,NA,NA,0,0,1,10,1,1,0,28.94,1.7962,2,54,"SJ27",0,0,NA,0,6
"55","31",31,0,NA,NA,0,1,282100,NA,0,0,1,10,1,1,0,28.21,1.7962,2,55,"SJ28",1,0,0,0,0
"56","31",31,8,0.61,1,8,0,NA,NA,0,0,1,10,1,1,0,28.21,1.7962,2,56,"SJ28",0,0,NA,0,8
"57","32",32,0,NA,NA,0,1,272000,NA,0,0,1,10,1,1,0,27.2,1.6345,2,57,"SJ29",1,0,0,0,0
"58","32",32,8,0.85,1,8,0,NA,NA,0,0,1,10,1,1,0,27.2,1.6345,2,58,"SJ29",0,0,NA,0,8
"59","33",33,0,NA,NA,0,1,277200,NA,0,0,1,10,1,1,0,27.72,1.7872,2,59,"SJ30",1,0,0,0,0
"60","33",33,8,0.38,1,8,0,NA,NA,0,0,1,10,1,1,0,27.72,1.7872,2,60,"SJ30",0,0,NA,0,8
"61","34",34,0,NA,NA,0,1,273400,NA,0,0,1,10,2,1,0,27.34,1.2836,1,61,"SJ31",1,0,0,0,0
"62","34",34,0,0,1,0,0,NA,NA,0,0,1,10,2,1,0,27.34,1.2836,2,62,"SJ31",0,0,NA,0,0
"63","34",34,0.033,21.44,1,0.033,0,NA,NA,0,0,1,10,2,1,0,27.34,1.2836,2,63,"SJ31",0,0,NA,0,0.033
"64","35",35,0,NA,NA,0,1,277400,NA,0,0,1,10,2,1,0,27.74,1.2836,1,64,"SJ32",1,0,0,0,0
"65","35",35,0,0,1,0,0,NA,NA,0,0,1,10,2,1,0,27.74,1.2836,2,65,"SJ32",0,0,NA,0,0
"66","35",35,0.033,16.6,1,0.033,0,NA,NA,0,0,1,10,2,1,0,27.74,1.2836,2,66,"SJ32",0,0,NA,0,0.033
"67","36",36,0,NA,NA,0,1,270800,NA,0,0,1,10,2,1,0,27.08,1.2836,1,67,"SJ33",1,0,0,0,0
"68","36",36,0,0,1,0,0,NA,NA,0,0,1,10,2,1,0,27.08,1.2836,2,68,"SJ33",0,0,NA,0,0
"69","36",36,0.033,22.37,1,0.033,0,NA,NA,0,0,1,10,2,1,0,27.08,1.2836,2,69,"SJ33",0,0,NA,0,0.033
"70","37",37,0,NA,NA,0,1,273000,NA,0,0,1,10,2,1,0,27.3,1.2836,1,70,"SJ34",1,0,0,0,0
"71","37",37,0,0,1,0,0,NA,NA,0,0,1,10,2,1,0,27.3,1.2836,2,71,"SJ34",0,0,NA,0,0
"72","37",37,0.083,25.68,1,0.083,0,NA,NA,0,0,1,10,2,1,0,27.3,1.2836,2,72,"SJ34",0,0,NA,0,0.083
"73","38",38,0,NA,NA,0,1,292900,NA,0,0,1,10,2,1,0,29.29,1.2836,1,73,"SJ35",1,0,0,0,0
"74","38",38,0,0,1,0,0,NA,NA,0,0,1,10,2,1,0,29.29,1.2836,2,74,"SJ35",0,0,NA,0,0
"75","38",38,0.083,9.52,1,0.083,0,NA,NA,0,0,1,10,2,1,0,29.29,1.2836,2,75,"SJ35",0,0,NA,0,0.083
"76","39",39,0,NA,NA,0,1,265900,NA,0,0,1,10,2,1,0,26.59,1.2836,1,76,"SJ36",1,0,0,0,0
"77","39",39,0,0,1,0,0,NA,NA,0,0,1,10,2,1,0,26.59,1.2836,2,77,"SJ36",0,0,NA,0,0
"78","39",39,0.083,46.71,1,0.083,0,NA,NA,0,0,1,10,2,1,0,26.59,1.2836,2,78,"SJ36",0,0,NA,0,0.083
"79","40",40,0,NA,NA,0,1,268700,NA,0,0,1,10,2,1,0,26.87,1.2836,1,79,"SJ37",1,0,0,0,0
"80","40",40,0,0,1,0,0,NA,NA,0,0,1,10,2,1,0,26.87,1.2836,2,80,"SJ37",0,0,NA,0,0
"81","40",40,0.25,44.58,1,0.25,0,NA,NA,0,0,1,10,2,1,0,26.87,1.2836,2,81,"SJ37",0,0,NA,0,0.25
"82","41",41,0,NA,NA,0,1,273800,NA,0,0,1,10,2,1,0,27.38,1.2836,1,82,"SJ38",1,0,0,0,0
"83","41",41,0,0,1,0,0,NA,NA,0,0,1,10,2,1,0,27.38,1.2836,2,83,"SJ38",0,0,NA,0,0
"84","41",41,0.25,30.57,1,0.25,0,NA,NA,0,0,1,10,2,1,0,27.38,1.2836,2,84,"SJ38",0,0,NA,0,0.25
"85","42",42,0,NA,NA,0,1,277100,NA,0,0,1,10,2,1,0,27.71,1.2836,1,85,"SJ39",1,0,0,0,0
"86","42",42,0,0,1,0,0,NA,NA,0,0,1,10,2,1,0,27.71,1.2836,2,86,"SJ39",0,0,NA,0,0
"87","42",42,0.25,5.01,1,0.25,0,NA,NA,0,0,1,10,2,1,0,27.71,1.2836,2,87,"SJ39",0,0,NA,0,0.25
"88","43",43,0,NA,NA,0,1,283200,NA,0,0,1,10,2,1,0,28.32,1.2836,1,88,"SJ40",1,0,0,0,0
"89","43",43,0,0,1,0,0,NA,NA,0,0,1,10,2,1,0,28.32,1.2836,2,89,"SJ40",0,0,NA,0,0
"90","43",43,0.5,21.49,1,0.5,0,NA,NA,0,0,1,10,2,1,0,28.32,1.2836,2,90,"SJ40",0,0,NA,0,0.5
"91","44",44,0,NA,NA,0,1,295100,NA,0,0,1,10,2,1,0,29.51,1.5218,1,91,"SJ41",1,0,0,0,0
"92","44",44,0,0,1,0,0,NA,NA,0,0,1,10,2,1,0,29.51,1.5218,2,92,"SJ41",0,0,NA,0,0
"93","44",44,0.5,47.16,1,0.5,0,NA,NA,0,0,1,10,2,1,0,29.51,1.5218,2,93,"SJ41",0,0,NA,0,0.5
"94","45",45,0,NA,NA,0,1,301000,NA,0,0,1,10,2,1,0,30.1,1.4692,1,94,"SJ42",1,0,0,0,0
"95","45",45,0,0,1,0,0,NA,NA,0,0,1,10,2,1,0,30.1,1.4692,2,95,"SJ42",0,0,NA,0,0
"96","45",45,0.5,46.16,1,0.5,0,NA,NA,0,0,1,10,2,1,0,30.1,1.4692,2,96,"SJ42",0,0,NA,0,0.5
"97","46",46,0,NA,NA,0,1,298300,NA,0,0,1,10,2,1,0,29.83,1.3174,1,97,"SJ43",1,0,0,0,0
"98","46",46,0,0,1,0,0,NA,NA,0,0,1,10,2,1,0,29.83,1.3174,2,98,"SJ43",0,0,NA,0,0
"99","46",46,0.75,76.97,1,0.75,0,NA,NA,0,0,1,10,2,1,0,29.83,1.3174,2,99,"SJ43",0,0,NA,0,0.75
"100","47",47,0,NA,NA,0,1,296100,NA,0,0,1,10,2,1,0,29.61,1.3174,1,100,"SJ44",1,0,0,0,0
"101","47",47,0,0,1,0,0,NA,NA,0,0,1,10,2,1,0,29.61,1.3174,2,101,"SJ44",0,0,NA,0,0
"102","47",47,0.75,19.56,1,0.75,0,NA,NA,0,0,1,10,2,1,0,29.61,1.3174,2,102,"SJ44",0,0,NA,0,0.75
"103","48",48,0,NA,NA,0,1,287300,NA,0,0,1,10,2,1,0,28.73,1.3174,1,103,"SJ45",1,0,0,0,0
"104","48",48,0,0,1,0,0,NA,NA,0,0,1,10,2,1,0,28.73,1.3174,2,104,"SJ45",0,0,NA,0,0
"105","48",48,0.75,15.36,1,0.75,0,NA,NA,0,0,1,10,2,1,0,28.73,1.3174,2,105,"SJ45",0,0,NA,0,0.75
"106","49",49,0,NA,NA,0,1,272900,NA,0,0,1,10,2,1,0,27.29,1.3174,1,106,"SJ46",1,0,0,0,0
"107","49",49,0,0,1,0,0,NA,NA,0,0,1,10,2,1,0,27.29,1.3174,2,107,"SJ46",0,0,NA,0,0
"108","49",49,1,7.46,1,1,0,NA,NA,0,0,1,10,2,1,0,27.29,1.3174,2,108,"SJ46",0,0,NA,0,1
"109","50",50,0,NA,NA,0,1,287100,NA,0,0,1,10,2,1,0,28.71,1.387,1,109,"SJ47",1,0,0,0,0
"110","50",50,0,0,1,0,0,NA,NA,0,0,1,10,2,1,0,28.71,1.387,2,110,"SJ47",0,0,NA,0,0
"111","50",50,1,59.38,1,1,0,NA,NA,0,0,1,10,2,1,0,28.71,1.387,2,111,"SJ47",0,0,NA,0,1
"112","51",51,0,NA,NA,0,1,296300,NA,0,0,1,10,2,1,0,29.63,1.6987,1,112,"SJ48",1,0,0,0,0
"113","51",51,0,0,1,0,0,NA,NA,0,0,1,10,2,1,0,29.63,1.6987,2,113,"SJ48",0,0,NA,0,0
"114","51",51,1,22.34,1,1,0,NA,NA,0,0,1,10,2,1,0,29.63,1.6987,2,114,"SJ48",0,0,NA,0,1
"115","52",52,0,NA,NA,0,1,284800,NA,0,0,1,10,2,1,0,28.48,1.4402,1,115,"SJ49",1,0,0,0,0
"116","52",52,0,0,1,0,0,NA,NA,0,0,1,10,2,1,0,28.48,1.4402,2,116,"SJ49",0,0,NA,0,0
"117","52",52,2,3.2,1,2,0,NA,NA,0,0,1,10,2,1,0,28.48,1.4402,2,117,"SJ49",0,0,NA,0,2
"118","53",53,0,NA,NA,0,1,285100,NA,0,0,1,10,2,1,0,28.51,1.2256,1,118,"SJ50",1,0,0,0,0
"119","53",53,0,0,1,0,0,NA,NA,0,0,1,10,2,1,0,28.51,1.2256,2,119,"SJ50",0,0,NA,0,0
"120","53",53,2,1.15,1,2,0,NA,NA,0,0,1,10,2,1,0,28.51,1.2256,2,120,"SJ50",0,0,NA,0,2
"121","54",54,0,NA,NA,0,1,274900,NA,0,0,1,10,2,1,0,27.49,1.2772,1,121,"SJ51",1,0,0,0,0
"122","54",54,0,0,1,0,0,NA,NA,0,0,1,10,2,1,0,27.49,1.2772,2,122,"SJ51",0,0,NA,0,0
"123","54",54,2,24.32,1,2,0,NA,NA,0,0,1,10,2,1,0,27.49,1.2772,2,123,"SJ51",0,0,NA,0,2
"124","55",55,0,NA,NA,0,1,303300,NA,0,0,1,10,2,1,0,30.33,1.5539,1,124,"SJ52",1,0,0,0,0
"125","55",55,0,0,1,0,0,NA,NA,0,0,1,10,2,1,0,30.33,1.5539,2,125,"SJ52",0,0,NA,0,0
"126","55",55,3,16.55,1,3,0,NA,NA,0,0,1,10,2,1,0,30.33,1.5539,2,126,"SJ52",0,0,NA,0,3
"127","56",56,0,NA,NA,0,1,279500,NA,0,0,1,10,2,1,0,27.95,1.5539,1,127,"SJ53",1,0,0,0,0
"128","56",56,0,0,1,0,0,NA,NA,0,0,1,10,2,1,0,27.95,1.5539,2,128,"SJ53",0,0,NA,0,0
"129","56",56,3,2.56,1,3,0,NA,NA,0,0,1,10,2,1,0,27.95,1.5539,2,129,"SJ53",0,0,NA,0,3
"130","57",57,0,NA,NA,0,1,275000,NA,0,0,1,10,2,1,0,27.5,1.5539,1,130,"SJ54",1,0,0,0,0
"131","57",57,0,0,1,0,0,NA,NA,0,0,1,10,2,1,0,27.5,1.5539,2,131,"SJ54",0,0,NA,0,0
"132","57",57,3,1.84,1,3,0,NA,NA,0,0,1,10,2,1,0,27.5,1.5539,2,132,"SJ54",0,0,NA,0,3
"133","58",58,0,NA,NA,0,1,274500,NA,0,0,1,10,2,1,0,27.45,1.5539,1,133,"SJ55",1,0,0,0,0
"134","58",58,0,0,1,0,0,NA,NA,0,0,1,10,2,1,0,27.45,1.5539,2,134,"SJ55",0,0,NA,0,0
"135","58",58,4,3.85,1,4,0,NA,NA,0,0,1,10,2,1,0,27.45,1.5539,2,135,"SJ55",0,0,NA,0,4
"136","59",59,0,NA,NA,0,1,283500,NA,0,0,1,10,2,1,0,28.35,1.5491,1,136,"SJ56",1,0,0,0,0
"137","59",59,0,0,1,0,0,NA,NA,0,0,1,10,2,1,0,28.35,1.5491,2,137,"SJ56",0,0,NA,0,0
"138","59",59,4,7.78,1,4,0,NA,NA,0,0,1,10,2,1,0,28.35,1.5491,2,138,"SJ56",0,0,NA,0,4
"139","60",60,0,NA,NA,0,1,288500,NA,0,0,1,10,2,1,0,28.85,1.4813,1,139,"SJ57",1,0,0,0,0
"140","60",60,0,0,1,0,0,NA,NA,0,0,1,10,2,1,0,28.85,1.4813,2,140,"SJ57",0,0,NA,0,0
"141","60",60,4,2.8,1,4,0,NA,NA,0,0,1,10,2,1,0,28.85,1.4813,2,141,"SJ57",0,0,NA,0,4
"142","62",62,0,NA,NA,0,1,290400,NA,0,0,1,10,2,1,0,29.04,1.5658,1,142,"SJ58",1,0,0,0,0
"143","62",62,0,0,1,0,0,NA,NA,0,0,1,10,2,1,0,29.04,1.5658,2,143,"SJ58",0,0,NA,0,0
"144","62",62,6,0.16,1,6,0,NA,NA,0,0,1,10,2,1,0,29.04,1.5658,2,144,"SJ58",0,0,NA,0,6
"145","63",63,0,NA,NA,0,1,273300,NA,0,0,1,10,2,1,0,27.33,1.5658,1,145,"SJ59",1,0,0,0,0
"146","63",63,0,0,1,0,0,NA,NA,0,0,1,10,2,1,0,27.33,1.5658,2,146,"SJ59",0,0,NA,0,0
"147","63",63,6,2.7,1,6,0,NA,NA,0,0,1,10,2,1,0,27.33,1.5658,2,147,"SJ59",0,0,NA,0,6
"148","65",65,0,NA,NA,0,1,285600,NA,0,0,1,10,2,1,0,28.56,1.7403,1,148,"SJ60",1,0,0,0,0
"149","65",65,0,0,1,0,0,NA,NA,0,0,1,10,2,1,0,28.56,1.7403,2,149,"SJ60",0,0,NA,0,0
"150","65",65,8,0.55,1,8,0,NA,NA,0,0,1,10,2,1,0,28.56,1.7403,2,150,"SJ60",0,0,NA,0,8
"151","66",66,0,NA,NA,0,1,273700,NA,0,0,1,10,2,1,0,27.37,1.5724,1,151,"SJ61",1,0,0,0,0
"152","66",66,0,0,1,0,0,NA,NA,0,0,1,10,2,1,0,27.37,1.5724,2,152,"SJ61",0,0,NA,0,0
"153","66",66,8,2.44,1,8,0,NA,NA,0,0,1,10,2,1,0,27.37,1.5724,2,153,"SJ61",0,0,NA,0,8
"154","67",67,0,NA,NA,0.017,1,280000,NA,0,0,1,10,1,1,0,28,1.4,2,154,"SJ62",1,0,0,0,0
"155","67",67,0.017,7256,1,0.017,0,NA,NA,0,0,1,10,1,1,0,28,1.4,2,155,"SJ62",0,0,NA,0,0.017
"156","68",68,0,NA,NA,0.017,1,280000,NA,0,0,1,10,1,1,0,28,1.4,2,156,"SJ63",1,0,0,0,0
"157","68",68,0.017,8399.9,1,0.017,0,NA,NA,0,0,1,10,1,1,0,28,1.4,2,157,"SJ63",0,0,NA,0,0.017
"158","69",69,0,NA,NA,0.017,1,280000,NA,0,0,1,10,1,1,0,28,1.4,2,158,"SJ64",1,0,0,0,0
"159","69",69,0.017,10783.4,1,0.017,0,NA,NA,0,0,1,10,1,1,0,28,1.4,2,159,"SJ64",0,0,NA,0,0.017
"160","70",70,0,NA,NA,0.083,1,280000,NA,0,0,1,10,1,1,0,28,1.4,2,160,"SJ65",1,0,0,0,0
"161","70",70,0.083,1942.4,1,0.083,0,NA,NA,0,0,1,10,1,1,0,28,1.4,2,161,"SJ65",0,0,NA,0,0.083
"162","71",71,0,NA,NA,0.083,1,280000,NA,0,0,1,10,1,1,0,28,1.4,2,162,"SJ66",1,0,0,0,0
"163","71",71,0.083,1919.4,1,0.083,0,NA,NA,0,0,1,10,1,1,0,28,1.4,2,163,"SJ66",0,0,NA,0,0.083
"164","72",72,0,NA,NA,0.083,1,280000,NA,0,0,1,10,1,1,0,28,1.4,2,164,"SJ67",1,0,0,0,0
"165","72",72,0.083,1731.5,1,0.083,0,NA,NA,0,0,1,10,1,1,0,28,1.4,2,165,"SJ67",0,0,NA,0,0.083
"166","73",73,0,NA,NA,0.25,1,280000,NA,0,0,1,10,1,1,0,28,1.4,2,166,"SJ68",1,0,0,0,0
"167","73",73,0.25,211.7,1,0.25,0,NA,NA,0,0,1,10,1,1,0,28,1.4,2,167,"SJ68",0,0,NA,0,0.25
"168","74",74,0,NA,NA,0.25,1,280000,NA,0,0,1,10,1,1,0,28,1.4,2,168,"SJ69",1,0,0,0,0
"169","74",74,0.25,308.5,1,0.25,0,NA,NA,0,0,1,10,1,1,0,28,1.4,2,169,"SJ69",0,0,NA,0,0.25
"170","75",75,0,NA,NA,0.25,1,280000,NA,0,0,1,10,1,1,0,28,1.4,2,170,"SJ70",1,0,0,0,0
"171","75",75,0.25,304.6,1,0.25,0,NA,NA,0,0,1,10,1,1,0,28,1.4,2,171,"SJ70",0,0,NA,0,0.25
"172","76",76,0,NA,NA,0.5,1,280000,NA,0,0,1,10,1,1,0,28,1.4,2,172,"SJ71",1,0,0,0,0
"173","76",76,0.5,71.7,1,0.5,0,NA,NA,0,0,1,10,1,1,0,28,1.4,2,173,"SJ71",0,0,NA,0,0.5
"174","77",77,0,NA,NA,0.5,1,280000,NA,0,0,1,10,1,1,0,28,1.4,2,174,"SJ72",1,0,0,0,0
"175","77",77,0.5,169.5,1,0.5,0,NA,NA,0,0,1,10,1,1,0,28,1.4,2,175,"SJ72",0,0,NA,0,0.5
"176","78",78,0,NA,NA,0.5,1,280000,NA,0,0,1,10,1,1,0,28,1.4,2,176,"SJ73",1,0,0,0,0
"177","78",78,0.5,192.5,1,0.5,0,NA,NA,0,0,1,10,1,1,0,28,1.4,2,177,"SJ73",0,0,NA,0,0.5
"178","79",79,0,NA,NA,1,1,280000,NA,0,0,1,10,1,1,0,28,1.4,2,178,"SJ74",1,0,0,0,0
"179","79",79,1,309.4,1,1,0,NA,NA,0,0,1,10,1,1,0,28,1.4,2,179,"SJ74",0,0,NA,0,1
"180","80",80,0,NA,NA,1,1,280000,NA,0,0,1,10,1,1,0,28,1.4,2,180,"SJ75",1,0,0,0,0
"181","80",80,1,72.4,1,1,0,NA,NA,0,0,1,10,1,1,0,28,1.4,2,181,"SJ75",0,0,NA,0,1
"182","81",81,0,NA,NA,1,1,280000,NA,0,0,1,10,1,1,0,28,1.4,2,182,"SJ76",1,0,0,0,0
"183","81",81,1,17.6,1,1,0,NA,NA,0,0,1,10,1,1,0,28,1.4,2,183,"SJ76",0,0,NA,0,1
"184","82",82,0,NA,NA,2,1,280000,NA,0,0,1,10,1,1,0,28,1.4,2,184,"SJ77",1,0,0,0,0
"185","82",82,2,4.5,1,2,0,NA,NA,0,0,1,10,1,1,0,28,1.4,2,185,"SJ77",0,0,NA,0,2
"186","83",83,0,NA,NA,2,1,280000,NA,0,0,1,10,1,1,0,28,1.4,2,186,"SJ78",1,0,0,0,0
"187","83",83,2,4.5,1,2,0,NA,NA,0,0,1,10,1,1,0,28,1.4,2,187,"SJ78",0,0,NA,0,2
"188","84",84,0,NA,NA,2,1,280000,NA,0,0,1,10,1,1,0,28,1.4,2,188,"SJ79",1,0,0,0,0
"189","84",84,2,9.8,1,2,0,NA,NA,0,0,1,10,1,1,0,28,1.4,2,189,"SJ79",0,0,NA,0,2
"190","85",85,0,NA,NA,4,1,280000,NA,0,0,1,10,1,1,0,28,1.4,2,190,"SJ80",1,0,0,0,0
"191","85",85,4,5.4,1,4,0,NA,NA,0,0,1,10,1,1,0,28,1.4,2,191,"SJ80",0,0,NA,0,4
"192","86",86,0,NA,NA,4,1,280000,NA,0,0,1,10,1,1,0,28,1.4,2,192,"SJ81",1,0,0,0,0
"193","86",86,4,0.2,1,4,0,NA,NA,0,0,1,10,1,1,0,28,1.4,2,193,"SJ81",0,0,NA,0,4
"194","87",87,0,NA,NA,4,1,280000,NA,0,0,1,10,1,1,0,28,1.4,2,194,"SJ82",1,0,0,0,0
"195","87",87,4,13.6,1,4,0,NA,NA,0,0,1,10,1,1,0,28,1.4,2,195,"SJ82",0,0,NA,0,4
"196","88",88,0,NA,NA,6,1,280000,NA,0,0,1,10,1,1,0,28,1.4,2,196,"SJ83",1,0,0,0,0
"197","88",88,6,16.1,1,6,0,NA,NA,0,0,1,10,1,1,0,28,1.4,2,197,"SJ83",0,0,NA,0,6
"198","89",89,0,NA,NA,6,1,280000,NA,0,0,1,10,1,1,0,28,1.4,2,198,"SJ84",1,0,0,0,0
"199","89",89,6,0.4,1,6,0,NA,NA,0,0,1,10,1,1,0,28,1.4,2,199,"SJ84",0,0,NA,0,6
"200","90",90,0,NA,NA,6,1,280000,NA,0,0,1,10,1,1,0,28,1.4,2,200,"SJ85",1,0,0,0,0
"201","90",90,6,0.6,1,6,0,NA,NA,0,0,1,10,1,1,0,28,1.4,2,201,"SJ85",0,0,NA,0,6
"202","91",91,0,NA,NA,8,1,280000,NA,0,0,1,10,1,1,0,28,1.4,2,202,"SJ86",1,0,0,0,0
"203","91",91,8,0.5,1,8,0,NA,NA,0,0,1,10,1,1,0,28,1.4,2,203,"SJ86",0,0,NA,0,8
"204","92",92,0,NA,NA,8,1,280000,NA,0,0,1,10,1,1,0,28,1.4,2,204,"SJ87",1,0,0,0,0
"205","92",92,8,0.6,1,8,0,NA,NA,0,0,1,10,1,1,0,28,1.4,2,205,"SJ87",0,0,NA,0,8
"206","93",93,0,NA,NA,8,1,280000,NA,0,0,1,10,1,1,0,28,1.4,2,206,"SJ88",1,0,0,0,0
"207","93",93,8,3.5,1,8,0,NA,NA,0,0,1,10,1,1,0,28,1.4,2,207,"SJ88",0,0,NA,0,8
"208","94",94,0,NA,NA,12,1,280000,NA,0,0,1,10,1,1,0,28,1.4,2,208,"SJ89",1,0,0,0,0
"209","94",94,12,0.4,1,12,0,NA,NA,0,0,1,10,1,1,0,28,1.4,2,209,"SJ89",0,0,NA,0,12
"210","95",95,0,NA,NA,12,1,280000,NA,0,0,1,10,1,1,0,28,1.4,2,210,"SJ90",1,0,0,0,0
"211","95",95,12,0.6,1,12,0,NA,NA,0,0,1,10,1,1,0,28,1.4,2,211,"SJ90",0,0,NA,0,12
"212","96",96,0,NA,NA,12,1,280000,NA,0,0,1,10,1,1,0,28,1.4,2,212,"SJ91",1,0,0,0,0
"213","96",96,12,6.8,1,12,0,NA,NA,0,0,1,10,1,1,0,28,1.4,2,213,"SJ91",0,0,NA,0,12
"214","97",97,0,NA,NA,24,1,280000,NA,0,0,1,10,1,1,0,28,1.4,2,214,"SJ92",1,0,0,0,0
"215","97",97,24,0.4,1,24,0,NA,NA,0,0,1,10,1,1,0,28,1.4,2,215,"SJ92",0,0,NA,0,24
"216","98",98,0,NA,NA,24,1,280000,NA,0,0,1,10,1,1,0,28,1.4,2,216,"SJ93",1,0,0,0,0
"217","98",98,24,2.2,1,24,0,NA,NA,0,0,1,10,1,1,0,28,1.4,2,217,"SJ93",0,0,NA,0,24
"218","99",99,0,NA,NA,24,1,280000,NA,0,0,1,10,1,1,0,28,1.4,2,218,"SJ94",1,0,0,0,0
"219","99",99,24,0.9,1,24,0,NA,NA,0,0,1,10,1,1,0,28,1.4,2,219,"SJ94",0,0,NA,0,24
"220","103",103,0,NA,NA,0.25,1,280000,NA,0,0,1,10,2,1,0,28,1.4,1,220,"SJ95",1,0,0,0,0
"221","103",103,0,0,1,0.25,0,NA,NA,0,0,1,10,2,1,0,28,1.4,2,221,"SJ95",0,0,NA,0,0
"222","103",103,0.25,17.2,1,0.25,0,NA,NA,0,0,1,10,2,1,0,28,1.4,2,222,"SJ95",0,0,NA,0,0.25
"223","104",104,0,NA,NA,0.25,1,280000,NA,0,0,1,10,2,1,0,28,1.4,1,223,"SJ96",1,0,0,0,0
"224","104",104,0,0,1,0.25,0,NA,NA,0,0,1,10,2,1,0,28,1.4,2,224,"SJ96",0,0,NA,0,0
"225","104",104,0.25,12.8,1,0.25,0,NA,NA,0,0,1,10,2,1,0,28,1.4,2,225,"SJ96",0,0,NA,0,0.25
"226","105",105,0,NA,NA,0.25,1,280000,NA,0,0,1,10,2,1,0,28,1.4,1,226,"SJ97",1,0,0,0,0
"227","105",105,0,0,1,0.25,0,NA,NA,0,0,1,10,2,1,0,28,1.4,2,227,"SJ97",0,0,NA,0,0
"228","105",105,0.25,42.3,1,0.25,0,NA,NA,0,0,1,10,2,1,0,28,1.4,2,228,"SJ97",0,0,NA,0,0.25
"229","106",106,0,NA,NA,0.5,1,280000,NA,0,0,1,10,2,1,0,28,1.4,1,229,"SJ98",1,0,0,0,0
"230","106",106,0,0,1,0.5,0,NA,NA,0,0,1,10,2,1,0,28,1.4,2,230,"SJ98",0,0,NA,0,0
"231","106",106,0.5,8.7,1,0.5,0,NA,NA,0,0,1,10,2,1,0,28,1.4,2,231,"SJ98",0,0,NA,0,0.5
"232","107",107,0,NA,NA,0.5,1,280000,NA,0,0,1,10,2,1,0,28,1.4,1,232,"SJ99",1,0,0,0,0
"233","107",107,0,0,1,0.5,0,NA,NA,0,0,1,10,2,1,0,28,1.4,2,233,"SJ99",0,0,NA,0,0
"234","107",107,0.5,13.4,1,0.5,0,NA,NA,0,0,1,10,2,1,0,28,1.4,2,234,"SJ99",0,0,NA,0,0.5
"235","108",108,0,NA,NA,0.5,1,280000,NA,0,0,1,10,2,1,0,28,1.4,1,235,"SJ100",1,0,0,0,0
"236","108",108,0,0,1,0.5,0,NA,NA,0,0,1,10,2,1,0,28,1.4,2,236,"SJ100",0,0,NA,0,0
"237","108",108,0.5,12.6,1,0.5,0,NA,NA,0,0,1,10,2,1,0,28,1.4,2,237,"SJ100",0,0,NA,0,0.5
"238","109",109,0,NA,NA,1,1,280000,NA,0,0,1,10,2,1,0,28,1.4,1,238,"SJ101",1,0,0,0,0
"239","109",109,0,0,1,1,0,NA,NA,0,0,1,10,2,1,0,28,1.4,2,239,"SJ101",0,0,NA,0,0
"240","109",109,1,8.3,1,1,0,NA,NA,0,0,1,10,2,1,0,28,1.4,2,240,"SJ101",0,0,NA,0,1
"241","110",110,0,NA,NA,1,1,280000,NA,0,0,1,10,2,1,0,28,1.4,1,241,"SJ102",1,0,0,0,0
"242","110",110,0,0,1,1,0,NA,NA,0,0,1,10,2,1,0,28,1.4,2,242,"SJ102",0,0,NA,0,0
"243","110",110,1,5.6,1,1,0,NA,NA,0,0,1,10,2,1,0,28,1.4,2,243,"SJ102",0,0,NA,0,1
"244","111",111,0,NA,NA,1,1,280000,NA,0,0,1,10,2,1,0,28,1.4,1,244,"SJ103",1,0,0,0,0
"245","111",111,0,0,1,1,0,NA,NA,0,0,1,10,2,1,0,28,1.4,2,245,"SJ103",0,0,NA,0,0
"246","111",111,1,8.9,1,1,0,NA,NA,0,0,1,10,2,1,0,28,1.4,2,246,"SJ103",0,0,NA,0,1
"247","112",112,0,NA,NA,2,1,280000,NA,0,0,1,10,2,1,0,28,1.4,1,247,"SJ104",1,0,0,0,0
"248","112",112,0,0,1,2,0,NA,NA,0,0,1,10,2,1,0,28,1.4,2,248,"SJ104",0,0,NA,0,0
"249","112",112,2,25.7,1,2,0,NA,NA,0,0,1,10,2,1,0,28,1.4,2,249,"SJ104",0,0,NA,0,2
"250","113",113,0,NA,NA,2,1,280000,NA,0,0,1,10,2,1,0,28,1.4,1,250,"SJ105",1,0,0,0,0
"251","113",113,0,0,1,2,0,NA,NA,0,0,1,10,2,1,0,28,1.4,2,251,"SJ105",0,0,NA,0,0
"252","113",113,2,0.4,1,2,0,NA,NA,0,0,1,10,2,1,0,28,1.4,2,252,"SJ105",0,0,NA,0,2
"253","114",114,0,NA,NA,2,1,280000,NA,0,0,1,10,2,1,0,28,1.4,1,253,"SJ106",1,0,0,0,0
"254","114",114,0,0,1,2,0,NA,NA,0,0,1,10,2,1,0,28,1.4,2,254,"SJ106",0,0,NA,0,0
"255","114",114,2,24,1,2,0,NA,NA,0,0,1,10,2,1,0,28,1.4,2,255,"SJ106",0,0,NA,0,2
"256","115",115,0,NA,NA,4,1,280000,NA,0,0,1,10,2,1,0,28,1.4,1,256,"SJ107",1,0,0,0,0
"257","115",115,0,0,1,4,0,NA,NA,0,0,1,10,2,1,0,28,1.4,2,257,"SJ107",0,0,NA,0,0
"258","115",115,4,1.7,1,4,0,NA,NA,0,0,1,10,2,1,0,28,1.4,2,258,"SJ107",0,0,NA,0,4
"259","116",116,0,NA,NA,4,1,280000,NA,0,0,1,10,2,1,0,28,1.4,1,259,"SJ108",1,0,0,0,0
"260","116",116,0,0,1,4,0,NA,NA,0,0,1,10,2,1,0,28,1.4,2,260,"SJ108",0,0,NA,0,0
"261","116",116,4,0.9,1,4,0,NA,NA,0,0,1,10,2,1,0,28,1.4,2,261,"SJ108",0,0,NA,0,4
"262","117",117,0,NA,NA,4,1,280000,NA,0,0,1,10,2,1,0,28,1.4,1,262,"SJ109",1,0,0,0,0
"263","117",117,0,0,1,4,0,NA,NA,0,0,1,10,2,1,0,28,1.4,2,263,"SJ109",0,0,NA,0,0
"264","117",117,4,0.3,1,4,0,NA,NA,0,0,1,10,2,1,0,28,1.4,2,264,"SJ109",0,0,NA,0,4
"265","118",118,0,NA,NA,6,1,280000,NA,0,0,1,10,2,1,0,28,1.4,1,265,"SJ110",1,0,0,0,0
"266","118",118,0,0,1,6,0,NA,NA,0,0,1,10,2,1,0,28,1.4,2,266,"SJ110",0,0,NA,0,0
"267","118",118,6,0.9,1,6,0,NA,NA,0,0,1,10,2,1,0,28,1.4,2,267,"SJ110",0,0,NA,0,6
"268","119",119,0,NA,NA,6,1,280000,NA,0,0,1,10,2,1,0,28,1.4,1,268,"SJ111",1,0,0,0,0
"269","119",119,0,0,1,6,0,NA,NA,0,0,1,10,2,1,0,28,1.4,2,269,"SJ111",0,0,NA,0,0
"270","119",119,6,3,1,6,0,NA,NA,0,0,1,10,2,1,0,28,1.4,2,270,"SJ111",0,0,NA,0,6
"271","120",120,0,NA,NA,6,1,280000,NA,0,0,1,10,2,1,0,28,1.4,1,271,"SJ112",1,0,0,0,0
"272","120",120,0,0,1,6,0,NA,NA,0,0,1,10,2,1,0,28,1.4,2,272,"SJ112",0,0,NA,0,0
"273","120",120,6,3.8,1,6,0,NA,NA,0,0,1,10,2,1,0,28,1.4,2,273,"SJ112",0,0,NA,0,6
"274","121",121,0,NA,NA,8,1,280000,NA,0,0,1,10,2,1,0,28,1.4,1,274,"SJ113",1,0,0,0,0
"275","121",121,0,0,1,8,0,NA,NA,0,0,1,10,2,1,0,28,1.4,2,275,"SJ113",0,0,NA,0,0
"276","121",121,8,0.8,1,8,0,NA,NA,0,0,1,10,2,1,0,28,1.4,2,276,"SJ113",0,0,NA,0,8
"277","122",122,0,NA,NA,8,1,280000,NA,0,0,1,10,2,1,0,28,1.4,1,277,"SJ114",1,0,0,0,0
"278","122",122,0,0,1,8,0,NA,NA,0,0,1,10,2,1,0,28,1.4,2,278,"SJ114",0,0,NA,0,0
"279","122",122,8,1.2,1,8,0,NA,NA,0,0,1,10,2,1,0,28,1.4,2,279,"SJ114",0,0,NA,0,8
"280","123",123,0,NA,NA,8,1,280000,NA,0,0,1,10,2,1,0,28,1.4,1,280,"SJ115",1,0,0,0,0
"281","123",123,0,0,1,8,0,NA,NA,0,0,1,10,2,1,0,28,1.4,2,281,"SJ115",0,0,NA,0,0
"282","123",123,8,0.9,1,8,0,NA,NA,0,0,1,10,2,1,0,28,1.4,2,282,"SJ115",0,0,NA,0,8
"283","124",124,0,NA,NA,12,1,280000,NA,0,0,1,10,2,1,0,28,1.4,1,283,"SJ116",1,0,0,0,0
"284","124",124,0,0,1,12,0,NA,NA,0,0,1,10,2,1,0,28,1.4,2,284,"SJ116",0,0,NA,0,0
"285","124",124,12,2.8,1,12,0,NA,NA,0,0,1,10,2,1,0,28,1.4,2,285,"SJ116",0,0,NA,0,12
"286","125",125,0,NA,NA,12,1,280000,NA,0,0,1,10,2,1,0,28,1.4,1,286,"SJ117",1,0,0,0,0
"287","125",125,0,0,1,12,0,NA,NA,0,0,1,10,2,1,0,28,1.4,2,287,"SJ117",0,0,NA,0,0
"288","125",125,12,56.2,1,12,0,NA,NA,0,0,1,10,2,1,0,28,1.4,2,288,"SJ117",0,0,NA,0,12
"289","126",126,0,NA,NA,12,1,280000,NA,0,0,1,10,2,1,0,28,1.4,1,289,"SJ118",1,0,0,0,0
"290","126",126,0,0,1,12,0,NA,NA,0,0,1,10,2,1,0,28,1.4,2,290,"SJ118",0,0,NA,0,0
"291","126",126,12,0.8,1,12,0,NA,NA,0,0,1,10,2,1,0,28,1.4,2,291,"SJ118",0,0,NA,0,12
"292","127",127,0,NA,NA,24,1,280000,NA,0,0,1,10,2,1,0,28,1.4,1,292,"SJ119",1,0,0,0,0
"293","127",127,0,0,1,24,0,NA,NA,0,0,1,10,2,1,0,28,1.4,2,293,"SJ119",0,0,NA,0,0
"294","127",127,24,3.9,1,24,0,NA,NA,0,0,1,10,2,1,0,28,1.4,2,294,"SJ119",0,0,NA,0,24
"295","128",128,0,NA,NA,24,1,280000,NA,0,0,1,10,2,1,0,28,1.4,1,295,"SJ120",1,0,0,0,0
"296","128",128,0,0,1,24,0,NA,NA,0,0,1,10,2,1,0,28,1.4,2,296,"SJ120",0,0,NA,0,0
"297","128",128,24,0.4,1,24,0,NA,NA,0,0,1,10,2,1,0,28,1.4,2,297,"SJ120",0,0,NA,0,24
"298","129",129,0,NA,NA,24,1,280000,NA,0,0,1,10,2,1,0,28,1.4,1,298,"SJ121",1,0,0,0,0
"299","129",129,0,0,1,24,0,NA,NA,0,0,1,10,2,1,0,28,1.4,2,299,"SJ121",0,0,NA,0,0
"300","129",129,24,1.4,1,24,0,NA,NA,0,0,1,10,2,1,0,28,1.4,2,300,"SJ121",0,0,NA,0,24
"301","133",133,0,NA,NA,0.25,1,7e+05,NA,0,0,1,25,2,1,0,28,1.4,1,301,"SJ122",1,0,0,0,0
"302","133",133,0,0,1,0.25,0,NA,NA,0,0,1,25,2,1,0,28,1.4,2,302,"SJ122",0,0,NA,0,0
"303","133",133,0.25,79.8,1,0.25,0,NA,NA,0,0,1,25,2,1,0,28,1.4,2,303,"SJ122",0,0,NA,0,0.25
"304","134",134,0,NA,NA,0.25,1,7e+05,NA,0,0,1,25,2,1,0,28,1.4,1,304,"SJ123",1,0,0,0,0
"305","134",134,0,0,1,0.25,0,NA,NA,0,0,1,25,2,1,0,28,1.4,2,305,"SJ123",0,0,NA,0,0
"306","134",134,0.25,68.5,1,0.25,0,NA,NA,0,0,1,25,2,1,0,28,1.4,2,306,"SJ123",0,0,NA,0,0.25
"307","135",135,0,NA,NA,0.25,1,7e+05,NA,0,0,1,25,2,1,0,28,1.4,1,307,"SJ124",1,0,0,0,0
"308","135",135,0,0,1,0.25,0,NA,NA,0,0,1,25,2,1,0,28,1.4,2,308,"SJ124",0,0,NA,0,0
"309","135",135,0.25,68.2,1,0.25,0,NA,NA,0,0,1,25,2,1,0,28,1.4,2,309,"SJ124",0,0,NA,0,0.25
"310","136",136,0,NA,NA,0.5,1,7e+05,NA,0,0,1,25,2,1,0,28,1.4,1,310,"SJ125",1,0,0,0,0
"311","136",136,0,0,1,0.5,0,NA,NA,0,0,1,25,2,1,0,28,1.4,2,311,"SJ125",0,0,NA,0,0
"312","136",136,0.5,51,1,0.5,0,NA,NA,0,0,1,25,2,1,0,28,1.4,2,312,"SJ125",0,0,NA,0,0.5
"313","137",137,0,NA,NA,0.5,1,7e+05,NA,0,0,1,25,2,1,0,28,1.4,1,313,"SJ126",1,0,0,0,0
"314","137",137,0,0,1,0.5,0,NA,NA,0,0,1,25,2,1,0,28,1.4,2,314,"SJ126",0,0,NA,0,0
"315","137",137,0.5,33.7,1,0.5,0,NA,NA,0,0,1,25,2,1,0,28,1.4,2,315,"SJ126",0,0,NA,0,0.5
"316","138",138,0,NA,NA,0.5,1,7e+05,NA,0,0,1,25,2,1,0,28,1.4,1,316,"SJ127",1,0,0,0,0
"317","138",138,0,0,1,0.5,0,NA,NA,0,0,1,25,2,1,0,28,1.4,2,317,"SJ127",0,0,NA,0,0
"318","138",138,0.5,4.6,1,0.5,0,NA,NA,0,0,1,25,2,1,0,28,1.4,2,318,"SJ127",0,0,NA,0,0.5
"319","139",139,0,NA,NA,1,1,7e+05,NA,0,0,1,25,2,1,0,28,1.4,1,319,"SJ128",1,0,0,0,0
"320","139",139,0,0,1,1,0,NA,NA,0,0,1,25,2,1,0,28,1.4,2,320,"SJ128",0,0,NA,0,0
"321","139",139,1,114.8,1,1,0,NA,NA,0,0,1,25,2,1,0,28,1.4,2,321,"SJ128",0,0,NA,0,1
"322","140",140,0,NA,NA,1,1,7e+05,NA,0,0,1,25,2,1,0,28,1.4,1,322,"SJ129",1,0,0,0,0
"323","140",140,0,0,1,1,0,NA,NA,0,0,1,25,2,1,0,28,1.4,2,323,"SJ129",0,0,NA,0,0
"324","140",140,1,17.8,1,1,0,NA,NA,0,0,1,25,2,1,0,28,1.4,2,324,"SJ129",0,0,NA,0,1
"325","141",141,0,NA,NA,1,1,7e+05,NA,0,0,1,25,2,1,0,28,1.4,1,325,"SJ130",1,0,0,0,0
"326","141",141,0,0,1,1,0,NA,NA,0,0,1,25,2,1,0,28,1.4,2,326,"SJ130",0,0,NA,0,0
"327","141",141,1,32.7,1,1,0,NA,NA,0,0,1,25,2,1,0,28,1.4,2,327,"SJ130",0,0,NA,0,1
"328","142",142,0,NA,NA,2,1,7e+05,NA,0,0,1,25,2,1,0,28,1.4,1,328,"SJ131",1,0,0,0,0
"329","142",142,0,0,1,2,0,NA,NA,0,0,1,25,2,1,0,28,1.4,2,329,"SJ131",0,0,NA,0,0
"330","142",142,2,3.6,1,2,0,NA,NA,0,0,1,25,2,1,0,28,1.4,2,330,"SJ131",0,0,NA,0,2
"331","143",143,0,NA,NA,2,1,7e+05,NA,0,0,1,25,2,1,0,28,1.4,1,331,"SJ132",1,0,0,0,0
"332","143",143,0,0,1,2,0,NA,NA,0,0,1,25,2,1,0,28,1.4,2,332,"SJ132",0,0,NA,0,0
"333","143",143,2,72.6,1,2,0,NA,NA,0,0,1,25,2,1,0,28,1.4,2,333,"SJ132",0,0,NA,0,2
"334","144",144,0,NA,NA,2,1,7e+05,NA,0,0,1,25,2,1,0,28,1.4,1,334,"SJ133",1,0,0,0,0
"335","144",144,0,0,1,2,0,NA,NA,0,0,1,25,2,1,0,28,1.4,2,335,"SJ133",0,0,NA,0,0
"336","144",144,2,2.2,1,2,0,NA,NA,0,0,1,25,2,1,0,28,1.4,2,336,"SJ133",0,0,NA,0,2
"337","145",145,0,NA,NA,4,1,7e+05,NA,0,0,1,25,2,1,0,28,1.4,1,337,"SJ134",1,0,0,0,0
"338","145",145,0,0,1,4,0,NA,NA,0,0,1,25,2,1,0,28,1.4,2,338,"SJ134",0,0,NA,0,0
"339","145",145,4,2.5,1,4,0,NA,NA,0,0,1,25,2,1,0,28,1.4,2,339,"SJ134",0,0,NA,0,4
"340","146",146,0,NA,NA,4,1,7e+05,NA,0,0,1,25,2,1,0,28,1.4,1,340,"SJ135",1,0,0,0,0
"341","146",146,0,0,1,4,0,NA,NA,0,0,1,25,2,1,0,28,1.4,2,341,"SJ135",0,0,NA,0,0
"342","146",146,4,14.4,1,4,0,NA,NA,0,0,1,25,2,1,0,28,1.4,2,342,"SJ135",0,0,NA,0,4
"343","147",147,0,NA,NA,4,1,7e+05,NA,0,0,1,25,2,1,0,28,1.4,1,343,"SJ136",1,0,0,0,0
"344","147",147,0,0,1,4,0,NA,NA,0,0,1,25,2,1,0,28,1.4,2,344,"SJ136",0,0,NA,0,0
"345","147",147,4,2.3,1,4,0,NA,NA,0,0,1,25,2,1,0,28,1.4,2,345,"SJ136",0,0,NA,0,4
"346","148",148,0,NA,NA,6,1,7e+05,NA,0,0,1,25,2,1,0,28,1.4,1,346,"SJ137",1,0,0,0,0
"347","148",148,0,0,1,6,0,NA,NA,0,0,1,25,2,1,0,28,1.4,2,347,"SJ137",0,0,NA,0,0
"348","148",148,6,1.1,1,6,0,NA,NA,0,0,1,25,2,1,0,28,1.4,2,348,"SJ137",0,0,NA,0,6
"349","149",149,0,NA,NA,6,1,7e+05,NA,0,0,1,25,2,1,0,28,1.4,1,349,"SJ138",1,0,0,0,0
"350","149",149,0,0,1,6,0,NA,NA,0,0,1,25,2,1,0,28,1.4,2,350,"SJ138",0,0,NA,0,0
"351","149",149,6,4.8,1,6,0,NA,NA,0,0,1,25,2,1,0,28,1.4,2,351,"SJ138",0,0,NA,0,6
"352","150",150,0,NA,NA,6,1,7e+05,NA,0,0,1,25,2,1,0,28,1.4,1,352,"SJ139",1,0,0,0,0
"353","150",150,0,0,1,6,0,NA,NA,0,0,1,25,2,1,0,28,1.4,2,353,"SJ139",0,0,NA,0,0
"354","150",150,6,5.9,1,6,0,NA,NA,0,0,1,25,2,1,0,28,1.4,2,354,"SJ139",0,0,NA,0,6
"355","151",151,0,NA,NA,8,1,7e+05,NA,0,0,1,25,2,1,0,28,1.4,1,355,"SJ140",1,0,0,0,0
"356","151",151,0,0,1,8,0,NA,NA,0,0,1,25,2,1,0,28,1.4,2,356,"SJ140",0,0,NA,0,0
"357","151",151,8,0.7,1,8,0,NA,NA,0,0,1,25,2,1,0,28,1.4,2,357,"SJ140",0,0,NA,0,8
"358","152",152,0,NA,NA,8,1,7e+05,NA,0,0,1,25,2,1,0,28,1.4,1,358,"SJ141",1,0,0,0,0
"359","152",152,0,0,1,8,0,NA,NA,0,0,1,25,2,1,0,28,1.4,2,359,"SJ141",0,0,NA,0,0
"360","152",152,8,0.7,1,8,0,NA,NA,0,0,1,25,2,1,0,28,1.4,2,360,"SJ141",0,0,NA,0,8
"361","153",153,0,NA,NA,8,1,7e+05,NA,0,0,1,25,2,1,0,28,1.4,1,361,"SJ142",1,0,0,0,0
"362","153",153,0,0,1,8,0,NA,NA,0,0,1,25,2,1,0,28,1.4,2,362,"SJ142",0,0,NA,0,0
"363","153",153,8,1.3,1,8,0,NA,NA,0,0,1,25,2,1,0,28,1.4,2,363,"SJ142",0,0,NA,0,8
"364","154",154,0,NA,NA,12,1,7e+05,NA,0,0,1,25,2,1,0,28,1.4,1,364,"SJ143",1,0,0,0,0
"365","154",154,0,0,1,12,0,NA,NA,0,0,1,25,2,1,0,28,1.4,2,365,"SJ143",0,0,NA,0,0
"366","154",154,12,0.3,1,12,0,NA,NA,0,0,1,25,2,1,0,28,1.4,2,366,"SJ143",0,0,NA,0,12
"367","155",155,0,NA,NA,12,1,7e+05,NA,0,0,1,25,2,1,0,28,1.4,1,367,"SJ144",1,0,0,0,0
"368","155",155,0,0,1,12,0,NA,NA,0,0,1,25,2,1,0,28,1.4,2,368,"SJ144",0,0,NA,0,0
"369","155",155,12,9.9,1,12,0,NA,NA,0,0,1,25,2,1,0,28,1.4,2,369,"SJ144",0,0,NA,0,12
"370","156",156,0,NA,NA,12,1,7e+05,NA,0,0,1,25,2,1,0,28,1.4,1,370,"SJ145",1,0,0,0,0
"371","156",156,0,0,1,12,0,NA,NA,0,0,1,25,2,1,0,28,1.4,2,371,"SJ145",0,0,NA,0,0
"372","156",156,12,201.9,1,12,0,NA,NA,0,0,1,25,2,1,0,28,1.4,2,372,"SJ145",0,0,NA,0,12
"373","157",157,0,NA,NA,24,1,7e+05,NA,0,0,1,25,2,1,0,28,1.4,1,373,"SJ146",1,0,0,0,0
"374","157",157,0,0,1,24,0,NA,NA,0,0,1,25,2,1,0,28,1.4,2,374,"SJ146",0,0,NA,0,0
"375","157",157,24,1.5,1,24,0,NA,NA,0,0,1,25,2,1,0,28,1.4,2,375,"SJ146",0,0,NA,0,24
"376","158",158,0,NA,NA,24,1,7e+05,NA,0,0,1,25,2,1,0,28,1.4,1,376,"SJ147",1,0,0,0,0
"377","158",158,0,0,1,24,0,NA,NA,0,0,1,25,2,1,0,28,1.4,2,377,"SJ147",0,0,NA,0,0
"378","158",158,24,0.8,1,24,0,NA,NA,0,0,1,25,2,1,0,28,1.4,2,378,"SJ147",0,0,NA,0,24
"379","159",159,0,NA,NA,24,1,7e+05,NA,0,0,1,25,2,1,0,28,1.4,1,379,"SJ148",1,0,0,0,0
"380","159",159,0,0,1,24,0,NA,NA,0,0,1,25,2,1,0,28,1.4,2,380,"SJ148",0,0,NA,0,0
"381","159",159,24,1.7,1,24,0,NA,NA,0,0,1,25,2,1,0,28,1.4,2,381,"SJ148",0,0,NA,0,24
"382","160",160,0,NA,NA,0.25,1,1400000,NA,0,0,1,50,2,1,0,28,1.4,1,382,"SJ149",1,0,0,0,0
"383","160",160,0,0,1,0.25,0,NA,NA,0,0,1,50,2,1,0,28,1.4,2,383,"SJ149",0,0,NA,0,0
"384","160",160,0.25,56.8,1,0.25,0,NA,NA,0,0,1,50,2,1,0,28,1.4,2,384,"SJ149",0,0,NA,0,0.25
"385","161",161,0,NA,NA,0.5,1,1400000,NA,0,0,1,50,2,1,0,28,1.4,1,385,"SJ150",1,0,0,0,0
"386","161",161,0,0,1,0.5,0,NA,NA,0,0,1,50,2,1,0,28,1.4,2,386,"SJ150",0,0,NA,0,0
"387","161",161,0.5,30.3,1,0.5,0,NA,NA,0,0,1,50,2,1,0,28,1.4,2,387,"SJ150",0,0,NA,0,0.5
"388","162",162,0,NA,NA,1,1,1400000,NA,0,0,1,50,2,1,0,28,1.4,1,388,"SJ151",1,0,0,0,0
"389","162",162,0,0,1,1,0,NA,NA,0,0,1,50,2,1,0,28,1.4,2,389,"SJ151",0,0,NA,0,0
"390","162",162,1,30.9,1,1,0,NA,NA,0,0,1,50,2,1,0,28,1.4,2,390,"SJ151",0,0,NA,0,1
"391","163",163,0,NA,NA,2,1,1400000,NA,0,0,1,50,2,1,0,28,1.4,1,391,"SJ152",1,0,0,0,0
"392","163",163,0,0,1,2,0,NA,NA,0,0,1,50,2,1,0,28,1.4,2,392,"SJ152",0,0,NA,0,0
"393","163",163,2,15.8,1,2,0,NA,NA,0,0,1,50,2,1,0,28,1.4,2,393,"SJ152",0,0,NA,0,2
"394","164",164,0,NA,NA,4,1,1400000,NA,0,0,1,50,2,1,0,28,1.4,1,394,"SJ153",1,0,0,0,0
"395","164",164,0,0,1,4,0,NA,NA,0,0,1,50,2,1,0,28,1.4,2,395,"SJ153",0,0,NA,0,0
"396","164",164,4,398,1,4,0,NA,NA,0,0,1,50,2,1,0,28,1.4,2,396,"SJ153",0,0,NA,0,4
"397","165",165,0,NA,NA,6,1,1400000,NA,0,0,1,50,2,1,0,28,1.4,1,397,"SJ154",1,0,0,0,0
"398","165",165,0,0,1,6,0,NA,NA,0,0,1,50,2,1,0,28,1.4,2,398,"SJ154",0,0,NA,0,0
"399","165",165,6,29.6,1,6,0,NA,NA,0,0,1,50,2,1,0,28,1.4,2,399,"SJ154",0,0,NA,0,6
"400","166",166,0,NA,NA,8,1,1400000,NA,0,0,1,50,2,1,0,28,1.4,1,400,"SJ155",1,0,0,0,0
"401","166",166,0,0,1,8,0,NA,NA,0,0,1,50,2,1,0,28,1.4,2,401,"SJ155",0,0,NA,0,0
"402","166",166,8,14.6,1,8,0,NA,NA,0,0,1,50,2,1,0,28,1.4,2,402,"SJ155",0,0,NA,0,8
"403","167",167,0,NA,NA,10,1,1400000,NA,0,0,1,50,2,1,0,28,1.4,1,403,"SJ156",1,0,0,0,0
"404","167",167,0,0,1,10,0,NA,NA,0,0,1,50,2,1,0,28,1.4,2,404,"SJ156",0,0,NA,0,0
"405","167",167,10,13.9,1,10,0,NA,NA,0,0,1,50,2,1,0,28,1.4,2,405,"SJ156",0,0,NA,0,10
"406","168",168,0,NA,NA,12,1,1400000,NA,0,0,1,50,2,1,0,28,1.4,1,406,"SJ157",1,0,0,0,0
"407","168",168,0,0,1,12,0,NA,NA,0,0,1,50,2,1,0,28,1.4,2,407,"SJ157",0,0,NA,0,0
"408","168",168,12,1.1,1,12,0,NA,NA,0,0,1,50,2,1,0,28,1.4,2,408,"SJ157",0,0,NA,0,12
"409","169",169,0,NA,NA,14,1,1400000,NA,0,0,1,50,2,1,0,28,1.4,1,409,"SJ158",1,0,0,0,0
"410","169",169,0,0,1,14,0,NA,NA,0,0,1,50,2,1,0,28,1.4,2,410,"SJ158",0,0,NA,0,0
"411","169",169,14,8.9,1,14,0,NA,NA,0,0,1,50,2,1,0,28,1.4,2,411,"SJ158",0,0,NA,0,14
"412","170",170,0,NA,NA,16,1,1400000,NA,0,0,1,50,2,1,0,28,1.4,1,412,"SJ159",1,0,0,0,0
"413","170",170,0,0,1,16,0,NA,NA,0,0,1,50,2,1,0,28,1.4,2,413,"SJ159",0,0,NA,0,0
"414","170",170,16,3.2,1,16,0,NA,NA,0,0,1,50,2,1,0,28,1.4,2,414,"SJ159",0,0,NA,0,16
"415","171",171,0,NA,NA,20,1,1400000,NA,0,0,1,50,2,1,0,28,1.4,1,415,"SJ160",1,0,0,0,0
"416","171",171,0,0,1,20,0,NA,NA,0,0,1,50,2,1,0,28,1.4,2,416,"SJ160",0,0,NA,0,0
"417","171",171,20,0.6,1,20,0,NA,NA,0,0,1,50,2,1,0,28,1.4,2,417,"SJ160",0,0,NA,0,20
"418","172",172,0,NA,NA,24,1,1400000,NA,0,0,1,50,2,1,0,28,1.4,1,418,"SJ161",1,0,0,0,0
"419","172",172,0,0,1,24,0,NA,NA,0,0,1,50,2,1,0,28,1.4,2,419,"SJ161",0,0,NA,0,0
"420","172",172,24,5.2,1,24,0,NA,NA,0,0,1,50,2,1,0,28,1.4,2,420,"SJ161",0,0,NA,0,24
"421","173",173,0,NA,NA,28,1,1400000,NA,0,0,1,50,2,1,0,28,1.4,1,421,"SJ162",1,0,0,0,0
"422","173",173,0,0,1,28,0,NA,NA,0,0,1,50,2,1,0,28,1.4,2,422,"SJ162",0,0,NA,0,0
"423","173",173,28,2.6,1,28,0,NA,NA,0,0,1,50,2,1,0,28,1.4,2,423,"SJ162",0,0,NA,0,28
"424","174",174,0,NA,NA,0.25,1,1400000,NA,0,0,1,50,2,1,0,28,1.4,1,424,"SJ163",1,0,0,0,0
"425","174",174,0,0,1,0.25,0,NA,NA,0,0,1,50,2,1,0,28,1.4,2,425,"SJ163",0,0,NA,0,0
"426","174",174,0.25,42.4,1,0.25,0,NA,NA,0,0,1,50,2,1,0,28,1.4,2,426,"SJ163",0,0,NA,0,0.25
"427","175",175,0,NA,NA,0.5,1,1400000,NA,0,0,1,50,2,1,0,28,1.4,1,427,"SJ164",1,0,0,0,0
"428","175",175,0,0,1,0.5,0,NA,NA,0,0,1,50,2,1,0,28,1.4,2,428,"SJ164",0,0,NA,0,0
"429","175",175,0.5,252.4,1,0.5,0,NA,NA,0,0,1,50,2,1,0,28,1.4,2,429,"SJ164",0,0,NA,0,0.5
"430","176",176,0,NA,NA,1,1,1400000,NA,0,0,1,50,2,1,0,28,1.4,1,430,"SJ165",1,0,0,0,0
"431","176",176,0,0,1,1,0,NA,NA,0,0,1,50,2,1,0,28,1.4,2,431,"SJ165",0,0,NA,0,0
"432","176",176,1,166.7,1,1,0,NA,NA,0,0,1,50,2,1,0,28,1.4,2,432,"SJ165",0,0,NA,0,1
"433","177",177,0,NA,NA,2,1,1400000,NA,0,0,1,50,2,1,0,28,1.4,1,433,"SJ166",1,0,0,0,0
"434","177",177,0,0,1,2,0,NA,NA,0,0,1,50,2,1,0,28,1.4,2,434,"SJ166",0,0,NA,0,0
"435","177",177,2,170.9,1,2,0,NA,NA,0,0,1,50,2,1,0,28,1.4,2,435,"SJ166",0,0,NA,0,2
"436","178",178,0,NA,NA,4,1,1400000,NA,0,0,1,50,2,1,0,28,1.4,1,436,"SJ167",1,0,0,0,0
"437","178",178,0,0,1,4,0,NA,NA,0,0,1,50,2,1,0,28,1.4,2,437,"SJ167",0,0,NA,0,0
"438","178",178,4,324.6,1,4,0,NA,NA,0,0,1,50,2,1,0,28,1.4,2,438,"SJ167",0,0,NA,0,4
"439","179",179,0,NA,NA,6,1,1400000,NA,0,0,1,50,2,1,0,28,1.4,1,439,"SJ168",1,0,0,0,0
"440","179",179,0,0,1,6,0,NA,NA,0,0,1,50,2,1,0,28,1.4,2,440,"SJ168",0,0,NA,0,0
"441","179",179,6,18.4,1,6,0,NA,NA,0,0,1,50,2,1,0,28,1.4,2,441,"SJ168",0,0,NA,0,6
"442","180",180,0,NA,NA,8,1,1400000,NA,0,0,1,50,2,1,0,28,1.4,1,442,"SJ169",1,0,0,0,0
"443","180",180,0,0,1,8,0,NA,NA,0,0,1,50,2,1,0,28,1.4,2,443,"SJ169",0,0,NA,0,0
"444","180",180,8,1.3,1,8,0,NA,NA,0,0,1,50,2,1,0,28,1.4,2,444,"SJ169",0,0,NA,0,8
"445","181",181,0,NA,NA,10,1,1400000,NA,0,0,1,50,2,1,0,28,1.4,1,445,"SJ170",1,0,0,0,0
"446","181",181,0,0,1,10,0,NA,NA,0,0,1,50,2,1,0,28,1.4,2,446,"SJ170",0,0,NA,0,0
"447","181",181,10,3.2,1,10,0,NA,NA,0,0,1,50,2,1,0,28,1.4,2,447,"SJ170",0,0,NA,0,10
"448","182",182,0,NA,NA,12,1,1400000,NA,0,0,1,50,2,1,0,28,1.4,1,448,"SJ171",1,0,0,0,0
"449","182",182,0,0,1,12,0,NA,NA,0,0,1,50,2,1,0,28,1.4,2,449,"SJ171",0,0,NA,0,0
"450","182",182,12,0.7,1,12,0,NA,NA,0,0,1,50,2,1,0,28,1.4,2,450,"SJ171",0,0,NA,0,12
"451","183",183,0,NA,NA,14,1,1400000,NA,0,0,1,50,2,1,0,28,1.4,1,451,"SJ172",1,0,0,0,0
"452","183",183,0,0,1,14,0,NA,NA,0,0,1,50,2,1,0,28,1.4,2,452,"SJ172",0,0,NA,0,0
"453","183",183,14,1.7,1,14,0,NA,NA,0,0,1,50,2,1,0,28,1.4,2,453,"SJ172",0,0,NA,0,14
"454","184",184,0,NA,NA,16,1,1400000,NA,0,0,1,50,2,1,0,28,1.4,1,454,"SJ173",1,0,0,0,0
"455","184",184,0,0,1,16,0,NA,NA,0,0,1,50,2,1,0,28,1.4,2,455,"SJ173",0,0,NA,0,0
"456","184",184,16,1.7,1,16,0,NA,NA,0,0,1,50,2,1,0,28,1.4,2,456,"SJ173",0,0,NA,0,16
"457","185",185,0,NA,NA,20,1,1400000,NA,0,0,1,50,2,1,0,28,1.4,1,457,"SJ174",1,0,0,0,0
"458","185",185,0,0,1,20,0,NA,NA,0,0,1,50,2,1,0,28,1.4,2,458,"SJ174",0,0,NA,0,0
"459","185",185,20,0.4,1,20,0,NA,NA,0,0,1,50,2,1,0,28,1.4,2,459,"SJ174",0,0,NA,0,20
"460","186",186,0,NA,NA,24,1,1400000,NA,0,0,1,50,2,1,0,28,1.4,1,460,"SJ175",1,0,0,0,0
"461","186",186,0,0,1,24,0,NA,NA,0,0,1,50,2,1,0,28,1.4,2,461,"SJ175",0,0,NA,0,0
"462","186",186,24,1.6,1,24,0,NA,NA,0,0,1,50,2,1,0,28,1.4,2,462,"SJ175",0,0,NA,0,24
"463","187",187,0,NA,NA,28,1,1400000,NA,0,0,1,50,2,1,0,28,1.4,1,463,"SJ176",1,0,0,0,0
"464","187",187,0,0,1,28,0,NA,NA,0,0,1,50,2,1,0,28,1.4,2,464,"SJ176",0,0,NA,0,0
"465","187",187,28,1.1,1,28,0,NA,NA,0,0,1,50,2,1,0,28,1.4,2,465,"SJ176",0,0,NA,0,28
"466","188",188,0,NA,NA,0.25,1,1400000,NA,0,0,1,50,2,1,0,28,1.4,1,466,"SJ177",1,0,0,0,0
"467","188",188,0,0,1,0.25,0,NA,NA,0,0,1,50,2,1,0,28,1.4,2,467,"SJ177",0,0,NA,0,0
"468","188",188,0.25,51.2,1,0.25,0,NA,NA,0,0,1,50,2,1,0,28,1.4,2,468,"SJ177",0,0,NA,0,0.25
"469","189",189,0,NA,NA,0.5,1,1400000,NA,0,0,1,50,2,1,0,28,1.4,1,469,"SJ178",1,0,0,0,0
"470","189",189,0,0,1,0.5,0,NA,NA,0,0,1,50,2,1,0,28,1.4,2,470,"SJ178",0,0,NA,0,0
"471","189",189,0.5,53.3,1,0.5,0,NA,NA,0,0,1,50,2,1,0,28,1.4,2,471,"SJ178",0,0,NA,0,0.5
"472","190",190,0,NA,NA,1,1,1400000,NA,0,0,1,50,2,1,0,28,1.4,1,472,"SJ179",1,0,0,0,0
"473","190",190,0,0,1,1,0,NA,NA,0,0,1,50,2,1,0,28,1.4,2,473,"SJ179",0,0,NA,0,0
"474","190",190,1,62,1,1,0,NA,NA,0,0,1,50,2,1,0,28,1.4,2,474,"SJ179",0,0,NA,0,1
"475","191",191,0,NA,NA,2,1,1400000,NA,0,0,1,50,2,1,0,28,1.4,1,475,"SJ180",1,0,0,0,0
"476","191",191,0,0,1,2,0,NA,NA,0,0,1,50,2,1,0,28,1.4,2,476,"SJ180",0,0,NA,0,0
"477","191",191,2,188.6,1,2,0,NA,NA,0,0,1,50,2,1,0,28,1.4,2,477,"SJ180",0,0,NA,0,2
"478","192",192,0,NA,NA,4,1,1400000,NA,0,0,1,50,2,1,0,28,1.4,1,478,"SJ181",1,0,0,0,0
"479","192",192,0,0,1,4,0,NA,NA,0,0,1,50,2,1,0,28,1.4,2,479,"SJ181",0,0,NA,0,0
"480","192",192,4,124.1,1,4,0,NA,NA,0,0,1,50,2,1,0,28,1.4,2,480,"SJ181",0,0,NA,0,4
"481","193",193,0,NA,NA,6,1,1400000,NA,0,0,1,50,2,1,0,28,1.4,1,481,"SJ182",1,0,0,0,0
"482","193",193,0,0,1,6,0,NA,NA,0,0,1,50,2,1,0,28,1.4,2,482,"SJ182",0,0,NA,0,0
"483","193",193,6,2.5,1,6,0,NA,NA,0,0,1,50,2,1,0,28,1.4,2,483,"SJ182",0,0,NA,0,6
"484","194",194,0,NA,NA,8,1,1400000,NA,0,0,1,50,2,1,0,28,1.4,1,484,"SJ183",1,0,0,0,0
"485","194",194,0,0,1,8,0,NA,NA,0,0,1,50,2,1,0,28,1.4,2,485,"SJ183",0,0,NA,0,0
"486","194",194,8,6.9,1,8,0,NA,NA,0,0,1,50,2,1,0,28,1.4,2,486,"SJ183",0,0,NA,0,8
"487","195",195,0,NA,NA,10,1,1400000,NA,0,0,1,50,2,1,0,28,1.4,1,487,"SJ184",1,0,0,0,0
"488","195",195,0,0,1,10,0,NA,NA,0,0,1,50,2,1,0,28,1.4,2,488,"SJ184",0,0,NA,0,0
"489","195",195,10,15.8,1,10,0,NA,NA,0,0,1,50,2,1,0,28,1.4,2,489,"SJ184",0,0,NA,0,10
"490","196",196,0,NA,NA,12,1,1400000,NA,0,0,1,50,2,1,0,28,1.4,1,490,"SJ185",1,0,0,0,0
"491","196",196,0,0,1,12,0,NA,NA,0,0,1,50,2,1,0,28,1.4,2,491,"SJ185",0,0,NA,0,0
"492","196",196,12,2.2,1,12,0,NA,NA,0,0,1,50,2,1,0,28,1.4,2,492,"SJ185",0,0,NA,0,12
"493","197",197,0,NA,NA,14,1,1400000,NA,0,0,1,50,2,1,0,28,1.4,1,493,"SJ186",1,0,0,0,0
"494","197",197,0,0,1,14,0,NA,NA,0,0,1,50,2,1,0,28,1.4,2,494,"SJ186",0,0,NA,0,0
"495","197",197,14,1.1,1,14,0,NA,NA,0,0,1,50,2,1,0,28,1.4,2,495,"SJ186",0,0,NA,0,14
"496","198",198,0,NA,NA,16,1,1400000,NA,0,0,1,50,2,1,0,28,1.4,1,496,"SJ187",1,0,0,0,0
"497","198",198,0,0,1,16,0,NA,NA,0,0,1,50,2,1,0,28,1.4,2,497,"SJ187",0,0,NA,0,0
"498","198",198,16,41.5,1,16,0,NA,NA,0,0,1,50,2,1,0,28,1.4,2,498,"SJ187",0,0,NA,0,16
"499","199",199,0,NA,NA,20,1,1400000,NA,0,0,1,50,2,1,0,28,1.4,1,499,"SJ188",1,0,0,0,0
"500","199",199,0,0,1,20,0,NA,NA,0,0,1,50,2,1,0,28,1.4,2,500,"SJ188",0,0,NA,0,0
"501","199",199,20,7.2,1,20,0,NA,NA,0,0,1,50,2,1,0,28,1.4,2,501,"SJ188",0,0,NA,0,20
"502","200",200,0,NA,NA,24,1,1400000,NA,0,0,1,50,2,1,0,28,1.4,1,502,"SJ189",1,0,0,0,0
"503","200",200,0,0,1,24,0,NA,NA,0,0,1,50,2,1,0,28,1.4,2,503,"SJ189",0,0,NA,0,0
"504","200",200,24,0.5,1,24,0,NA,NA,0,0,1,50,2,1,0,28,1.4,2,504,"SJ189",0,0,NA,0,24
"505","201",201,0,NA,NA,28,1,1400000,NA,0,0,1,50,2,1,0,28,1.4,1,505,"SJ190",1,0,0,0,0
"506","201",201,0,0,1,28,0,NA,NA,0,0,1,50,2,1,0,28,1.4,2,506,"SJ190",0,0,NA,0,0
"507","201",201,28,5.6,1,28,0,NA,NA,0,0,1,50,2,1,0,28,1.4,2,507,"SJ190",0,0,NA,0,28
"508","202",202,0,NA,NA,0.25,1,1400000,NA,0,0,1,50,2,1,0,28,1.4,1,508,"SJ191",1,0,0,0,0
"509","202",202,0,0,1,0.25,0,NA,NA,0,0,1,50,2,1,0,28,1.4,2,509,"SJ191",0,0,NA,0,0
"510","202",202,0.25,67.7,1,0.25,0,NA,NA,0,0,1,50,2,1,0,28,1.4,2,510,"SJ191",0,0,NA,0,0.25
"511","203",203,0,NA,NA,0.5,1,1400000,NA,0,0,1,50,2,1,0,28,1.4,1,511,"SJ192",1,0,0,0,0
"512","203",203,0,0,1,0.5,0,NA,NA,0,0,1,50,2,1,0,28,1.4,2,512,"SJ192",0,0,NA,0,0
"513","203",203,0.5,42.6,1,0.5,0,NA,NA,0,0,1,50,2,1,0,28,1.4,2,513,"SJ192",0,0,NA,0,0.5
"514","204",204,0,NA,NA,1,1,1400000,NA,0,0,1,50,2,1,0,28,1.4,1,514,"SJ193",1,0,0,0,0
"515","204",204,0,0,1,1,0,NA,NA,0,0,1,50,2,1,0,28,1.4,2,515,"SJ193",0,0,NA,0,0
"516","204",204,1,39.9,1,1,0,NA,NA,0,0,1,50,2,1,0,28,1.4,2,516,"SJ193",0,0,NA,0,1
"517","205",205,0,NA,NA,2,1,1400000,NA,0,0,1,50,2,1,0,28,1.4,1,517,"SJ194",1,0,0,0,0
"518","205",205,0,0,1,2,0,NA,NA,0,0,1,50,2,1,0,28,1.4,2,518,"SJ194",0,0,NA,0,0
"519","205",205,2,248.6,1,2,0,NA,NA,0,0,1,50,2,1,0,28,1.4,2,519,"SJ194",0,0,NA,0,2
"520","206",206,0,NA,NA,4,1,1400000,NA,0,0,1,50,2,1,0,28,1.4,1,520,"SJ195",1,0,0,0,0
"521","206",206,0,0,1,4,0,NA,NA,0,0,1,50,2,1,0,28,1.4,2,521,"SJ195",0,0,NA,0,0
"522","206",206,4,22.1,1,4,0,NA,NA,0,0,1,50,2,1,0,28,1.4,2,522,"SJ195",0,0,NA,0,4
"523","207",207,0,NA,NA,6,1,1400000,NA,0,0,1,50,2,1,0,28,1.4,1,523,"SJ196",1,0,0,0,0
"524","207",207,0,0,1,6,0,NA,NA,0,0,1,50,2,1,0,28,1.4,2,524,"SJ196",0,0,NA,0,0
"525","207",207,6,59.1,1,6,0,NA,NA,0,0,1,50,2,1,0,28,1.4,2,525,"SJ196",0,0,NA,0,6
"526","208",208,0,NA,NA,8,1,1400000,NA,0,0,1,50,2,1,0,28,1.4,1,526,"SJ197",1,0,0,0,0
"527","208",208,0,0,1,8,0,NA,NA,0,0,1,50,2,1,0,28,1.4,2,527,"SJ197",0,0,NA,0,0
"528","208",208,8,8.7,1,8,0,NA,NA,0,0,1,50,2,1,0,28,1.4,2,528,"SJ197",0,0,NA,0,8
"529","209",209,0,NA,NA,10,1,1400000,NA,0,0,1,50,2,1,0,28,1.4,1,529,"SJ198",1,0,0,0,0
"530","209",209,0,0,1,10,0,NA,NA,0,0,1,50,2,1,0,28,1.4,2,530,"SJ198",0,0,NA,0,0
"531","209",209,10,3.4,1,10,0,NA,NA,0,0,1,50,2,1,0,28,1.4,2,531,"SJ198",0,0,NA,0,10
"532","210",210,0,NA,NA,12,1,1400000,NA,0,0,1,50,2,1,0,28,1.4,1,532,"SJ199",1,0,0,0,0
"533","210",210,0,0,1,12,0,NA,NA,0,0,1,50,2,1,0,28,1.4,2,533,"SJ199",0,0,NA,0,0
"534","210",210,12,1.5,1,12,0,NA,NA,0,0,1,50,2,1,0,28,1.4,2,534,"SJ199",0,0,NA,0,12
"535","211",211,0,NA,NA,14,1,1400000,NA,0,0,1,50,2,1,0,28,1.4,1,535,"SJ200",1,0,0,0,0
"536","211",211,0,0,1,14,0,NA,NA,0,0,1,50,2,1,0,28,1.4,2,536,"SJ200",0,0,NA,0,0
"537","211",211,14,1,1,14,0,NA,NA,0,0,1,50,2,1,0,28,1.4,2,537,"SJ200",0,0,NA,0,14
"538","212",212,0,NA,NA,16,1,1400000,NA,0,0,1,50,2,1,0,28,1.4,1,538,"SJ201",1,0,0,0,0
"539","212",212,0,0,1,16,0,NA,NA,0,0,1,50,2,1,0,28,1.4,2,539,"SJ201",0,0,NA,0,0
"540","212",212,16,42.8,1,16,0,NA,NA,0,0,1,50,2,1,0,28,1.4,2,540,"SJ201",0,0,NA,0,16
"541","213",213,0,NA,NA,20,1,1400000,NA,0,0,1,50,2,1,0,28,1.4,1,541,"SJ202",1,0,0,0,0
"542","213",213,0,0,1,20,0,NA,NA,0,0,1,50,2,1,0,28,1.4,2,542,"SJ202",0,0,NA,0,0
"543","213",213,20,0.8,1,20,0,NA,NA,0,0,1,50,2,1,0,28,1.4,2,543,"SJ202",0,0,NA,0,20
"544","214",214,0,NA,NA,24,1,1400000,NA,0,0,1,50,2,1,0,28,1.4,1,544,"SJ203",1,0,0,0,0
"545","214",214,0,0,1,24,0,NA,NA,0,0,1,50,2,1,0,28,1.4,2,545,"SJ203",0,0,NA,0,0
"546","214",214,24,0.8,1,24,0,NA,NA,0,0,1,50,2,1,0,28,1.4,2,546,"SJ203",0,0,NA,0,24
"547","215",215,0,NA,NA,28,1,1400000,NA,0,0,1,50,2,1,0,28,1.4,1,547,"SJ204",1,0,0,0,0
"548","215",215,0,0,1,28,0,NA,NA,0,0,1,50,2,1,0,28,1.4,2,548,"SJ204",0,0,NA,0,0
"549","215",215,28,0.4,1,28,0,NA,NA,0,0,1,50,2,1,0,28,1.4,2,549,"SJ204",0,0,NA,0,28
