"ID","TIME","AMT","DV","MDV","CMT","ADDL","II","SPECIES","DOSE","ROUTE","FORMULATION","TAD","BQL","WT","LVW"
1,0,276800,.,1,3,.,.,1,10,1,1,0,0,27.68,1.3003
1,0.033,.,7333.59,0,3,.,.,1,10,1,1,0.033,0,27.68,1.3003
2,0,269800,.,1,3,.,.,1,10,1,1,0,0,26.98,1.3003
2,0.033,.,4663.91,0,3,.,.,1,10,1,1,0.033,0,26.98,1.3003
3,0,295700,.,1,3,.,.,1,10,1,1,0,0,29.57,1.3003
3,0.033,.,3794.48,0,3,.,.,1,10,1,1,0.033,0,29.57,1.3003
4,0,298400,.,1,3,.,.,1,10,1,1,0,0,29.84,1.3003
4,0.083,.,1191.5,0,3,.,.,1,10,1,1,0.083,0,29.84,1.3003
5,0,279700,.,1,3,.,.,1,10,1,1,0,0,27.97,1.3003
5,0.083,.,1178.81,0,3,.,.,1,10,1,1,0.083,0,27.97,1.3003
6,0,305200,.,1,3,.,.,1,10,1,1,0,0,30.52,1.3003
6,0.083,.,1258.79,0,3,.,.,1,10,1,1,0.083,0,30.52,1.3003
7,0,282000,.,1,3,.,.,1,10,1,1,0,0,28.2,1.3003
7,0.25,.,879.32,0,3,.,.,1,10,1,1,0.25,0,28.2,1.3003
8,0,275600,.,1,3,.,.,1,10,1,1,0,0,27.56,1.3003
8,0.25,.,525.94,0,3,.,.,1,10,1,1,0.25,0,27.56,1.3003
9,0,282400,.,1,3,.,.,1,10,1,1,0,0,28.24,1.3003
9,0.25,.,546.45,0,3,.,.,1,10,1,1,0.25,0,28.24,1.3003
10,0,283600,.,1,3,.,.,1,10,1,1,0,0,28.36,1.3003
10,0,.,0,0,2,.,.,1,10,1,1,0.5,0,28.36,1.3003
10,0.5,.,2380.662126,0,2,.,.,1,10,1,1,0.5,0,28.36,1.3003
10,0.5,.,1256.22,0,3,.,.,1,10,1,1,0.5,0,28.36,1.3003
11,0,303800,.,1,3,.,.,1,10,1,1,0,0,30.38,1.6399
11,0,.,0,0,2,.,.,1,10,1,1,0.5,0,30.38,1.6399
11,0.5,.,2030.279426,0,2,.,.,1,10,1,1,0.5,0,30.38,1.6399
11,0.5,.,356.47,0,3,.,.,1,10,1,1,0.5,0,30.38,1.6399
12,0,276100,.,1,3,.,.,1,10,1,1,0,0,27.61,1.3386
12,0,.,0,0,2,.,.,1,10,1,1,0.5,0,27.61,1.3386
12,0.5,.,2419.749511,0,2,.,.,1,10,1,1,0.5,0,27.61,1.3386
12,0.5,.,49.88,0,3,.,.,1,10,1,1,0.5,0,27.61,1.3386
13,0,288900,.,1,3,.,.,1,10,1,1,0,0,28.89,1.5619
13,0.75,.,231.89,0,3,.,.,1,10,1,1,0.75,0,28.89,1.5619
14,0,279100,.,1,3,.,.,1,10,1,1,0,0,27.91,1.5619
14,0.75,.,21.36,0,3,.,.,1,10,1,1,0.75,0,27.91,1.5619
15,0,290300,.,1,3,.,.,1,10,1,1,0,0,29.03,1.5619
15,0.75,.,16.51,0,3,.,.,1,10,1,1,0.75,0,29.03,1.5619
16,0,277400,.,1,3,.,.,1,10,1,1,0,0,27.74,1.5619
16,0,.,0,0,2,.,.,1,10,1,1,1,0,27.74,1.5619
16,1,.,2609.3689,0,2,.,.,1,10,1,1,1,0,27.74,1.5619
16,1,.,307.94,0,3,.,.,1,10,1,1,1,0,27.74,1.5619
17,0,280000,.,1,3,.,.,1,10,1,1,0,0,28,1.1481
17,0,.,0,0,2,.,.,1,10,1,1,1,0,28,1.1481
17,1,.,2646.350228,0,2,.,.,1,10,1,1,1,0,28,1.1481
17,1,.,551.86,0,3,.,.,1,10,1,1,1,0,28,1.1481
18,0,290300,.,1,3,.,.,1,10,1,1,0,0,29.03,1.4717
18,0,.,0,0,2,.,.,1,10,1,1,1,0,29.03,1.4717
18,1,.,3797.511118,0,2,.,.,1,10,1,1,1,0,29.03,1.4717
18,1,.,6.69,0,3,.,.,1,10,1,1,1,0,29.03,1.4717
19,0,281000,.,1,3,.,.,1,10,1,1,0,0,28.1,1.464
19,0,.,0,0,2,.,.,1,10,1,1,2,0,28.1,1.464
19,2,.,1446.936618,0,2,.,.,1,10,1,1,2,0,28.1,1.464
19,2,.,0.9,0,3,.,.,1,10,1,1,2,0,28.1,1.464
20,0,276700,.,1,3,.,.,1,10,1,1,0,0,27.67,1.4273
20,0,.,0,0,2,.,.,1,10,1,1,2,0,27.67,1.4273
20,2,.,2290.510442,0,2,.,.,1,10,1,1,2,0,27.67,1.4273
20,2,.,4.8,0,3,.,.,1,10,1,1,2,0,27.67,1.4273
21,0,265200,.,1,3,.,.,1,10,1,1,0,0,26.52,1.2356
21,0,.,0,0,2,.,.,1,10,1,1,2,0,26.52,1.2356
21,2,.,1720.858311,0,2,.,.,1,10,1,1,2,0,26.52,1.2356
21,2,.,3.6,0,3,.,.,1,10,1,1,2,0,26.52,1.2356
25,0,270300,.,1,3,.,.,1,10,1,1,0,0,27.03,1.5917
25,0,.,0,0,2,.,.,1,10,1,1,4,0,27.03,1.5917
25,4,.,742.9967882,0,2,.,.,1,10,1,1,4,0,27.03,1.5917
25,4,.,1.02,0,3,.,.,1,10,1,1,4,0,27.03,1.5917
26,0,282900,.,1,3,.,.,1,10,1,1,0,0,28.29,1.5331
26,0,.,0,0,2,.,.,1,10,1,1,4,0,28.29,1.5331
26,4,.,263.3053628,0,2,.,.,1,10,1,1,4,0,28.29,1.5331
26,4,.,0.03,0,3,.,.,1,10,1,1,4,0,28.29,1.5331
27,0,278400,.,1,3,.,.,1,10,1,1,0,0,27.84,1.5836
27,0,.,0,0,2,.,.,1,10,1,1,4,0,27.84,1.5836
27,4,.,1127.964125,0,2,.,.,1,10,1,1,4,0,27.84,1.5836
27,4,.,1.2,0,3,.,.,1,10,1,1,4,0,27.84,1.5836
28,0,278800,.,1,3,.,.,1,10,1,1,0,1,27.88,1.7962
28,6,.,.,1,3,.,.,1,10,1,1,6,1,27.88,1.7962
29,0,265100,.,1,3,.,.,1,10,1,1,0,0,26.51,1.7962
29,6,.,0.6,0,3,.,.,1,10,1,1,6,0,26.51,1.7962
30,0,289400,.,1,3,.,.,1,10,1,1,0,0,28.94,1.7962
30,6,.,3.05,0,3,.,.,1,10,1,1,6,0,28.94,1.7962
31,0,282100,.,1,3,.,.,1,10,1,1,0,0,28.21,1.7962
31,0,.,0,0,2,.,.,1,10,1,1,8,0,28.21,1.7962
31,8,.,336.62,0,2,.,.,1,10,1,1,8,0,28.21,1.7962
31,8,.,0.61,0,3,.,.,1,10,1,1,8,0,28.21,1.7962
32,0,272000,.,1,3,.,.,1,10,1,1,0,0,27.2,1.6345
32,0,.,0,0,2,.,.,1,10,1,1,8,0,27.2,1.6345
32,8,.,404.01,0,2,.,.,1,10,1,1,8,0,27.2,1.6345
32,8,.,0.85,0,3,.,.,1,10,1,1,8,0,27.2,1.6345
33,0,277200,.,1,3,.,.,1,10,1,1,0,0,27.72,1.7872
33,0,.,0,0,2,.,.,1,10,1,1,8,0,27.72,1.7872
33,8,.,284.38,0,2,.,.,1,10,1,1,8,0,27.72,1.7872
33,8,.,0.38,0,3,.,.,1,10,1,1,8,0,27.72,1.7872
34,0,273400,.,1,1,.,.,1,10,2,1,0,0,27.34,1.2836
34,0,.,0,0,3,.,.,1,10,2,1,0,0,27.34,1.2836
34,0.033,.,21.44,0,3,.,.,1,10,2,1,0.033,0,27.34,1.2836
35,0,277400,.,1,1,.,.,1,10,2,1,0,0,27.74,1.2836
35,0,.,0,0,3,.,.,1,10,2,1,0,0,27.74,1.2836
35,0.033,.,16.6,0,3,.,.,1,10,2,1,0.033,0,27.74,1.2836
36,0,270800,.,1,1,.,.,1,10,2,1,0,0,27.08,1.2836
36,0,.,0,0,3,.,.,1,10,2,1,0,0,27.08,1.2836
36,0.033,.,22.37,0,3,.,.,1,10,2,1,0.033,0,27.08,1.2836
37,0,273000,.,1,1,.,.,1,10,2,1,0,0,27.3,1.2836
37,0,.,0,0,3,.,.,1,10,2,1,0,0,27.3,1.2836
37,0.083,.,25.68,0,3,.,.,1,10,2,1,0.083,0,27.3,1.2836
38,0,292900,.,1,1,.,.,1,10,2,1,0,0,29.29,1.2836
38,0,.,0,0,3,.,.,1,10,2,1,0,0,29.29,1.2836
38,0.083,.,9.52,0,3,.,.,1,10,2,1,0.083,0,29.29,1.2836
39,0,265900,.,1,1,.,.,1,10,2,1,0,0,26.59,1.2836
39,0,.,0,0,3,.,.,1,10,2,1,0,0,26.59,1.2836
39,0.083,.,46.71,0,3,.,.,1,10,2,1,0.083,0,26.59,1.2836
40,0,268700,.,1,1,.,.,1,10,2,1,0,0,26.87,1.2836
40,0,.,0,0,3,.,.,1,10,2,1,0,0,26.87,1.2836
40,0.25,.,44.58,0,3,.,.,1,10,2,1,0.25,0,26.87,1.2836
41,0,273800,.,1,1,.,.,1,10,2,1,0,0,27.38,1.2836
41,0,.,0,0,3,.,.,1,10,2,1,0,0,27.38,1.2836
41,0.25,.,30.57,0,3,.,.,1,10,2,1,0.25,0,27.38,1.2836
42,0,277100,.,1,1,.,.,1,10,2,1,0,0,27.71,1.2836
42,0,.,0,0,3,.,.,1,10,2,1,0,0,27.71,1.2836
42,0.25,.,5.01,0,3,.,.,1,10,2,1,0.25,0,27.71,1.2836
43,0,283200,.,1,1,.,.,1,10,2,1,0,0,28.32,1.2836
43,0,.,0,0,2,.,.,1,10,2,1,0.5,0,28.32,1.2836
43,0,.,0,0,3,.,.,1,10,2,1,0,0,28.32,1.2836
43,0.5,.,2964.291928,0,2,.,.,1,10,2,1,0.5,0,28.32,1.2836
43,0.5,.,21.49,0,3,.,.,1,10,2,1,0.5,0,28.32,1.2836
44,0,295100,.,1,1,.,.,1,10,2,1,0,0,29.51,1.5218
44,0,.,0,0,2,.,.,1,10,2,1,0.5,0,29.51,1.5218
44,0,.,0,0,3,.,.,1,10,2,1,0,0,29.51,1.5218
44,0.5,.,3196.372155,0,2,.,.,1,10,2,1,0.5,0,29.51,1.5218
44,0.5,.,47.16,0,3,.,.,1,10,2,1,0.5,0,29.51,1.5218
45,0,301000,.,1,1,.,.,1,10,2,1,0,0,30.1,1.4692
45,0,.,0,0,2,.,.,1,10,2,1,0.5,0,30.1,1.4692
45,0,.,0,0,3,.,.,1,10,2,1,0,0,30.1,1.4692
45,0.5,.,2397.565638,0,2,.,.,1,10,2,1,0.5,0,30.1,1.4692
45,0.5,.,46.16,0,3,.,.,1,10,2,1,0.5,0,30.1,1.4692
46,0,298300,.,1,1,.,.,1,10,2,1,0,0,29.83,1.3174
46,0,.,0,0,3,.,.,1,10,2,1,0,0,29.83,1.3174
46,0.75,.,76.97,0,3,.,.,1,10,2,1,0.75,0,29.83,1.3174
47,0,296100,.,1,1,.,.,1,10,2,1,0,0,29.61,1.3174
47,0,.,0,0,3,.,.,1,10,2,1,0,0,29.61,1.3174
47,0.75,.,19.56,0,3,.,.,1,10,2,1,0.75,0,29.61,1.3174
48,0,287300,.,1,1,.,.,1,10,2,1,0,0,28.73,1.3174
48,0,.,0,0,3,.,.,1,10,2,1,0,0,28.73,1.3174
48,0.75,.,15.36,0,3,.,.,1,10,2,1,0.75,0,28.73,1.3174
49,0,272900,.,1,1,.,.,1,10,2,1,0,0,27.29,1.3174
49,0,.,0,0,2,.,.,1,10,2,1,1,0,27.29,1.3174
49,0,.,0,0,3,.,.,1,10,2,1,0,0,27.29,1.3174
49,1,.,2450.447373,0,2,.,.,1,10,2,1,1,0,27.29,1.3174
49,1,.,7.46,0,3,.,.,1,10,2,1,1,0,27.29,1.3174
50,0,287100,.,1,1,.,.,1,10,2,1,0,0,28.71,1.387
50,0,.,0,0,2,.,.,1,10,2,1,1,0,28.71,1.387
50,0,.,0,0,3,.,.,1,10,2,1,0,0,28.71,1.387
50,1,.,2816.353383,0,2,.,.,1,10,2,1,1,0,28.71,1.387
50,1,.,59.38,0,3,.,.,1,10,2,1,1,0,28.71,1.387
51,0,296300,.,1,1,.,.,1,10,2,1,0,0,29.63,1.6987
51,0,.,0,0,2,.,.,1,10,2,1,1,0,29.63,1.6987
51,0,.,0,0,3,.,.,1,10,2,1,0,0,29.63,1.6987
51,1,.,1970.84947,0,2,.,.,1,10,2,1,1,0,29.63,1.6987
51,1,.,22.34,0,3,.,.,1,10,2,1,1,0,29.63,1.6987
52,0,284800,.,1,1,.,.,1,10,2,1,0,0,28.48,1.4402
52,0,.,0,0,2,.,.,1,10,2,1,2,0,28.48,1.4402
52,0,.,0,0,3,.,.,1,10,2,1,0,0,28.48,1.4402
52,2,.,4137.546534,0,2,.,.,1,10,2,1,2,0,28.48,1.4402
52,2,.,3.2,0,3,.,.,1,10,2,1,2,0,28.48,1.4402
53,0,285100,.,1,1,.,.,1,10,2,1,0,0,28.51,1.2256
53,0,.,0,0,2,.,.,1,10,2,1,2,0,28.51,1.2256
53,0,.,0,0,3,.,.,1,10,2,1,0,0,28.51,1.2256
53,2,.,2532.975066,0,2,.,.,1,10,2,1,2,0,28.51,1.2256
53,2,.,1.15,0,3,.,.,1,10,2,1,2,0,28.51,1.2256
54,0,274900,.,1,1,.,.,1,10,2,1,0,0,27.49,1.2772
54,0,.,0,0,2,.,.,1,10,2,1,2,0,27.49,1.2772
54,0,.,0,0,3,.,.,1,10,2,1,0,0,27.49,1.2772
54,2,.,3250.648077,0,2,.,.,1,10,2,1,2,0,27.49,1.2772
54,2,.,24.32,0,3,.,.,1,10,2,1,2,0,27.49,1.2772
55,0,303300,.,1,1,.,.,1,10,2,1,0,0,30.33,1.5539
55,0,.,0,0,3,.,.,1,10,2,1,0,0,30.33,1.5539
55,3,.,16.55,0,3,.,.,1,10,2,1,3,0,30.33,1.5539
56,0,279500,.,1,1,.,.,1,10,2,1,0,0,27.95,1.5539
56,0,.,0,0,3,.,.,1,10,2,1,0,0,27.95,1.5539
56,3,.,2.56,0,3,.,.,1,10,2,1,3,0,27.95,1.5539
57,0,275000,.,1,1,.,.,1,10,2,1,0,0,27.5,1.5539
57,0,.,0,0,3,.,.,1,10,2,1,0,0,27.5,1.5539
57,3,.,1.84,0,3,.,.,1,10,2,1,3,0,27.5,1.5539
58,0,274500,.,1,1,.,.,1,10,2,1,0,0,27.45,1.5539
58,0,.,0,0,2,.,.,1,10,2,1,4,0,27.45,1.5539
58,0,.,0,0,3,.,.,1,10,2,1,0,0,27.45,1.5539
58,4,.,456.008471,0,2,.,.,1,10,2,1,4,0,27.45,1.5539
58,4,.,3.85,0,3,.,.,1,10,2,1,4,0,27.45,1.5539
59,0,283500,.,1,1,.,.,1,10,2,1,0,0,28.35,1.5491
59,0,.,0,0,2,.,.,1,10,2,1,4,0,28.35,1.5491
59,0,.,0,0,3,.,.,1,10,2,1,0,0,28.35,1.5491
59,4,.,1025.569986,0,2,.,.,1,10,2,1,4,0,28.35,1.5491
59,4,.,7.78,0,3,.,.,1,10,2,1,4,0,28.35,1.5491
60,0,288500,.,1,1,.,.,1,10,2,1,0,0,28.85,1.4813
60,0,.,0,0,2,.,.,1,10,2,1,4,0,28.85,1.4813
60,0,.,0,0,3,.,.,1,10,2,1,0,0,28.85,1.4813
60,4,.,774.0172182,0,2,.,.,1,10,2,1,4,0,28.85,1.4813
60,4,.,2.8,0,3,.,.,1,10,2,1,4,0,28.85,1.4813
61,0,282500,.,1,1,.,.,1,10,2,1,0,1,28.25,1.5658
61,0,.,0,0,3,.,.,1,10,2,1,0,1,28.25,1.5658
61,6,.,.,1,3,.,.,1,10,2,1,6,1,28.25,1.5658
62,0,290400,.,1,1,.,.,1,10,2,1,0,0,29.04,1.5658
62,0,.,0,0,3,.,.,1,10,2,1,0,0,29.04,1.5658
62,6,.,0.16,0,3,.,.,1,10,2,1,6,0,29.04,1.5658
63,0,273300,.,1,1,.,.,1,10,2,1,0,0,27.33,1.5658
63,0,.,0,0,3,.,.,1,10,2,1,0,0,27.33,1.5658
63,6,.,2.7,0,3,.,.,1,10,2,1,6,0,27.33,1.5658
64,0,288500,.,1,1,.,.,1,10,2,1,0,0,28.85,1.5658
64,0,.,0,0,2,.,.,1,10,2,1,8,0,28.85,1.5658
64,0,.,0,0,3,.,.,1,10,2,1,0,0,28.85,1.5658
64,8,.,.,1,3,.,.,1,10,2,1,8,1,28.85,1.5658
64,8,.,274.88,0,2,.,.,1,10,2,1,8,0,28.85,1.5658
65,0,285600,.,1,1,.,.,1,10,2,1,0,0,28.56,1.7403
65,0,.,0,0,2,.,.,1,10,2,1,8,0,28.56,1.7403
65,0,.,0,0,3,.,.,1,10,2,1,0,0,28.56,1.7403
65,8,.,348.85,0,2,.,.,1,10,2,1,8,0,28.56,1.7403
65,8,.,0.55,0,3,.,.,1,10,2,1,8,0,28.56,1.7403
66,0,273700,.,1,1,.,.,1,10,2,1,0,0,27.37,1.5724
66,0,.,0,0,2,.,.,1,10,2,1,8,0,27.37,1.5724
66,0,.,0,0,3,.,.,1,10,2,1,0,0,27.37,1.5724
66,8,.,162.99,0,2,.,.,1,10,2,1,8,0,27.37,1.5724
66,8,.,2.44,0,3,.,.,1,10,2,1,8,0,27.37,1.5724
67,0,280000,.,1,1,.,.,1,10,1,1,0.017,0,28,1.4
67,0.017,.,7256,0,3,.,.,1,10,1,1,0.017,0,28,1.4
68,0,280000,.,1,1,.,.,1,10,1,1,0.017,0,28,1.4
68,0.017,.,8399.9,0,3,.,.,1,10,1,1,0.017,0,28,1.4
69,0,280000,.,1,1,.,.,1,10,1,1,0.017,0,28,1.4
69,0.017,.,10783.4,0,3,.,.,1,10,1,1,0.017,0,28,1.4
70,0,280000,.,1,1,.,.,1,10,1,1,0.083,0,28,1.4
70,0.083,.,1942.4,0,3,.,.,1,10,1,1,0.083,0,28,1.4
71,0,280000,.,1,1,.,.,1,10,1,1,0.083,0,28,1.4
71,0.083,.,1919.4,0,3,.,.,1,10,1,1,0.083,0,28,1.4
72,0,280000,.,1,1,.,.,1,10,1,1,0.083,0,28,1.4
72,0.083,.,1731.5,0,3,.,.,1,10,1,1,0.083,0,28,1.4
73,0,280000,.,1,1,.,.,1,10,1,1,0.25,0,28,1.4
73,0.25,.,211.7,0,3,.,.,1,10,1,1,0.25,0,28,1.4
74,0,280000,.,1,1,.,.,1,10,1,1,0.25,0,28,1.4
74,0.25,.,308.5,0,3,.,.,1,10,1,1,0.25,0,28,1.4
75,0,280000,.,1,1,.,.,1,10,1,1,0.25,0,28,1.4
75,0.25,.,304.6,0,3,.,.,1,10,1,1,0.25,0,28,1.4
76,0,280000,.,1,1,.,.,1,10,1,1,0.5,0,28,1.4
76,0.5,.,71.7,0,3,.,.,1,10,1,1,0.5,0,28,1.4
77,0,280000,.,1,1,.,.,1,10,1,1,0.5,0,28,1.4
77,0.5,.,169.5,0,3,.,.,1,10,1,1,0.5,0,28,1.4
78,0,280000,.,1,1,.,.,1,10,1,1,0.5,0,28,1.4
78,0.5,.,192.5,0,3,.,.,1,10,1,1,0.5,0,28,1.4
79,0,280000,.,1,1,.,.,1,10,1,1,1,0,28,1.4
79,1,.,309.4,0,3,.,.,1,10,1,1,1,0,28,1.4
80,0,280000,.,1,1,.,.,1,10,1,1,1,0,28,1.4
80,1,.,72.4,0,3,.,.,1,10,1,1,1,0,28,1.4
81,0,280000,.,1,1,.,.,1,10,1,1,1,0,28,1.4
81,1,.,17.6,0,3,.,.,1,10,1,1,1,0,28,1.4
82,0,280000,.,1,1,.,.,1,10,1,1,2,0,28,1.4
82,2,.,4.5,0,3,.,.,1,10,1,1,2,0,28,1.4
83,0,280000,.,1,1,.,.,1,10,1,1,2,0,28,1.4
83,2,.,4.5,0,3,.,.,1,10,1,1,2,0,28,1.4
84,0,280000,.,1,1,.,.,1,10,1,1,2,0,28,1.4
84,2,.,9.8,0,3,.,.,1,10,1,1,2,0,28,1.4
85,0,280000,.,1,1,.,.,1,10,1,1,4,0,28,1.4
85,4,.,5.4,0,3,.,.,1,10,1,1,4,0,28,1.4
86,0,280000,.,1,1,.,.,1,10,1,1,4,0,28,1.4
86,4,.,0.2,0,3,.,.,1,10,1,1,4,0,28,1.4
87,0,280000,.,1,1,.,.,1,10,1,1,4,0,28,1.4
87,4,.,13.6,0,3,.,.,1,10,1,1,4,0,28,1.4
88,0,280000,.,1,1,.,.,1,10,1,1,6,0,28,1.4
88,6,.,16.1,0,3,.,.,1,10,1,1,6,0,28,1.4
89,0,280000,.,1,1,.,.,1,10,1,1,6,0,28,1.4
89,6,.,0.4,0,3,.,.,1,10,1,1,6,0,28,1.4
90,0,280000,.,1,1,.,.,1,10,1,1,6,0,28,1.4
90,6,.,0.6,0,3,.,.,1,10,1,1,6,0,28,1.4
91,0,280000,.,1,1,.,.,1,10,1,1,8,0,28,1.4
91,8,.,0.5,0,3,.,.,1,10,1,1,8,0,28,1.4
92,0,280000,.,1,1,.,.,1,10,1,1,8,0,28,1.4
92,8,.,0.6,0,3,.,.,1,10,1,1,8,0,28,1.4
93,0,280000,.,1,1,.,.,1,10,1,1,8,0,28,1.4
93,8,.,3.5,0,3,.,.,1,10,1,1,8,0,28,1.4
94,0,280000,.,1,1,.,.,1,10,1,1,12,0,28,1.4
94,12,.,0.4,0,3,.,.,1,10,1,1,12,0,28,1.4
95,0,280000,.,1,1,.,.,1,10,1,1,12,0,28,1.4
95,12,.,0.6,0,3,.,.,1,10,1,1,12,0,28,1.4
96,0,280000,.,1,1,.,.,1,10,1,1,12,0,28,1.4
96,12,.,6.8,0,3,.,.,1,10,1,1,12,0,28,1.4
97,0,280000,.,1,1,.,.,1,10,1,1,24,0,28,1.4
97,24,.,0.4,0,3,.,.,1,10,1,1,24,0,28,1.4
98,0,280000,.,1,1,.,.,1,10,1,1,24,0,28,1.4
98,24,.,2.2,0,3,.,.,1,10,1,1,24,0,28,1.4
99,0,280000,.,1,1,.,.,1,10,1,1,24,0,28,1.4
99,24,.,0.9,0,3,.,.,1,10,1,1,24,0,28,1.4
100,0,280000,.,1,3,.,.,1,10,2,1,0,0,28,1.4
100,0,.,0,0,3,.,.,1,10,2,1,0,0,28,1.4
100,0,.,0,0,3,.,.,1,10,2,1,0,0,28,1.4
101,0,280000,.,1,3,.,.,1,10,2,1,0,0,28,1.4
101,0,.,0,0,3,.,.,1,10,2,1,0,0,28,1.4
101,0,.,0,0,3,.,.,1,10,2,1,0,0,28,1.4
102,0,280000,.,1,3,.,.,1,10,2,1,0,0,28,1.4
102,0,.,0,0,3,.,.,1,10,2,1,0,0,28,1.4
102,0,.,0,0,3,.,.,1,10,2,1,0,0,28,1.4
103,0,280000,.,1,3,.,.,1,10,2,1,0.25,0,28,1.4
103,0,.,0,0,3,.,.,1,10,2,1,0.25,0,28,1.4
103,0.25,.,17.2,0,3,.,.,1,10,2,1,0.25,0,28,1.4
104,0,280000,.,1,3,.,.,1,10,2,1,0.25,0,28,1.4
104,0,.,0,0,3,.,.,1,10,2,1,0.25,0,28,1.4
104,0.25,.,12.8,0,3,.,.,1,10,2,1,0.25,0,28,1.4
105,0,280000,.,1,3,.,.,1,10,2,1,0.25,0,28,1.4
105,0,.,0,0,3,.,.,1,10,2,1,0.25,0,28,1.4
105,0.25,.,42.3,0,3,.,.,1,10,2,1,0.25,0,28,1.4
106,0,280000,.,1,3,.,.,1,10,2,1,0.5,0,28,1.4
106,0,.,0,0,3,.,.,1,10,2,1,0.5,0,28,1.4
106,0.5,.,8.7,0,3,.,.,1,10,2,1,0.5,0,28,1.4
107,0,280000,.,1,3,.,.,1,10,2,1,0.5,0,28,1.4
107,0,.,0,0,3,.,.,1,10,2,1,0.5,0,28,1.4
107,0.5,.,13.4,0,3,.,.,1,10,2,1,0.5,0,28,1.4
108,0,280000,.,1,3,.,.,1,10,2,1,0.5,0,28,1.4
108,0,.,0,0,3,.,.,1,10,2,1,0.5,0,28,1.4
108,0.5,.,12.6,0,3,.,.,1,10,2,1,0.5,0,28,1.4
109,0,280000,.,1,3,.,.,1,10,2,1,1,0,28,1.4
109,0,.,0,0,3,.,.,1,10,2,1,1,0,28,1.4
109,1,.,8.3,0,3,.,.,1,10,2,1,1,0,28,1.4
110,0,280000,.,1,3,.,.,1,10,2,1,1,0,28,1.4
110,0,.,0,0,3,.,.,1,10,2,1,1,0,28,1.4
110,1,.,5.6,0,3,.,.,1,10,2,1,1,0,28,1.4
111,0,280000,.,1,3,.,.,1,10,2,1,1,0,28,1.4
111,0,.,0,0,3,.,.,1,10,2,1,1,0,28,1.4
111,1,.,8.9,0,3,.,.,1,10,2,1,1,0,28,1.4
112,0,280000,.,1,3,.,.,1,10,2,1,2,0,28,1.4
112,0,.,0,0,3,.,.,1,10,2,1,2,0,28,1.4
112,2,.,25.7,0,3,.,.,1,10,2,1,2,0,28,1.4
113,0,280000,.,1,3,.,.,1,10,2,1,2,0,28,1.4
113,0,.,0,0,3,.,.,1,10,2,1,2,0,28,1.4
113,2,.,0.4,0,3,.,.,1,10,2,1,2,0,28,1.4
114,0,280000,.,1,3,.,.,1,10,2,1,2,0,28,1.4
114,0,.,0,0,3,.,.,1,10,2,1,2,0,28,1.4
114,2,.,24,0,3,.,.,1,10,2,1,2,0,28,1.4
115,0,280000,.,1,3,.,.,1,10,2,1,4,0,28,1.4
115,0,.,0,0,3,.,.,1,10,2,1,4,0,28,1.4
115,4,.,1.7,0,3,.,.,1,10,2,1,4,0,28,1.4
116,0,280000,.,1,3,.,.,1,10,2,1,4,0,28,1.4
116,0,.,0,0,3,.,.,1,10,2,1,4,0,28,1.4
116,4,.,0.9,0,3,.,.,1,10,2,1,4,0,28,1.4
117,0,280000,.,1,3,.,.,1,10,2,1,4,0,28,1.4
117,0,.,0,0,3,.,.,1,10,2,1,4,0,28,1.4
117,4,.,0.3,0,3,.,.,1,10,2,1,4,0,28,1.4
118,0,280000,.,1,3,.,.,1,10,2,1,6,0,28,1.4
118,0,.,0,0,3,.,.,1,10,2,1,6,0,28,1.4
118,6,.,0.9,0,3,.,.,1,10,2,1,6,0,28,1.4
119,0,280000,.,1,3,.,.,1,10,2,1,6,0,28,1.4
119,0,.,0,0,3,.,.,1,10,2,1,6,0,28,1.4
119,6,.,3,0,3,.,.,1,10,2,1,6,0,28,1.4
120,0,280000,.,1,3,.,.,1,10,2,1,6,0,28,1.4
120,0,.,0,0,3,.,.,1,10,2,1,6,0,28,1.4
120,6,.,3.8,0,3,.,.,1,10,2,1,6,0,28,1.4
121,0,280000,.,1,3,.,.,1,10,2,1,8,0,28,1.4
121,0,.,0,0,3,.,.,1,10,2,1,8,0,28,1.4
121,8,.,0.8,0,3,.,.,1,10,2,1,8,0,28,1.4
122,0,280000,.,1,3,.,.,1,10,2,1,8,0,28,1.4
122,0,.,0,0,3,.,.,1,10,2,1,8,0,28,1.4
122,8,.,1.2,0,3,.,.,1,10,2,1,8,0,28,1.4
123,0,280000,.,1,3,.,.,1,10,2,1,8,0,28,1.4
123,0,.,0,0,3,.,.,1,10,2,1,8,0,28,1.4
123,8,.,0.9,0,3,.,.,1,10,2,1,8,0,28,1.4
124,0,280000,.,1,3,.,.,1,10,2,1,12,0,28,1.4
124,0,.,0,0,3,.,.,1,10,2,1,12,0,28,1.4
124,12,.,2.8,0,3,.,.,1,10,2,1,12,0,28,1.4
125,0,280000,.,1,3,.,.,1,10,2,1,12,0,28,1.4
125,0,.,0,0,3,.,.,1,10,2,1,12,0,28,1.4
125,12,.,56.2,0,3,.,.,1,10,2,1,12,0,28,1.4
126,0,280000,.,1,3,.,.,1,10,2,1,12,0,28,1.4
126,0,.,0,0,3,.,.,1,10,2,1,12,0,28,1.4
126,12,.,0.8,0,3,.,.,1,10,2,1,12,0,28,1.4
127,0,280000,.,1,3,.,.,1,10,2,1,24,0,28,1.4
127,0,.,0,0,3,.,.,1,10,2,1,24,0,28,1.4
127,24,.,3.9,0,3,.,.,1,10,2,1,24,0,28,1.4
128,0,280000,.,1,3,.,.,1,10,2,1,24,0,28,1.4
128,0,.,0,0,3,.,.,1,10,2,1,24,0,28,1.4
128,24,.,0.4,0,3,.,.,1,10,2,1,24,0,28,1.4
129,0,280000,.,1,3,.,.,1,10,2,1,24,0,28,1.4
129,0,.,0,0,3,.,.,1,10,2,1,24,0,28,1.4
129,24,.,1.4,0,3,.,.,1,10,2,1,24,0,28,1.4
130,0,7e+05,.,1,3,.,.,1,25,2,1,0,0,28,1.4
130,0,.,0,0,3,.,.,1,25,2,1,0,0,28,1.4
130,0,.,0,0,3,.,.,1,25,2,1,0,0,28,1.4
131,0,7e+05,.,1,3,.,.,1,25,2,1,0,0,28,1.4
131,0,.,0,0,3,.,.,1,25,2,1,0,0,28,1.4
131,0,.,0,0,3,.,.,1,25,2,1,0,0,28,1.4
132,0,7e+05,.,1,3,.,.,1,25,2,1,0,0,28,1.4
132,0,.,0,0,3,.,.,1,25,2,1,0,0,28,1.4
132,0,.,0,0,3,.,.,1,25,2,1,0,0,28,1.4
133,0,7e+05,.,1,3,.,.,1,25,2,1,0.25,0,28,1.4
133,0,.,0,0,3,.,.,1,25,2,1,0.25,0,28,1.4
133,0.25,.,79.8,0,3,.,.,1,25,2,1,0.25,0,28,1.4
134,0,7e+05,.,1,3,.,.,1,25,2,1,0.25,0,28,1.4
134,0,.,0,0,3,.,.,1,25,2,1,0.25,0,28,1.4
134,0.25,.,68.5,0,3,.,.,1,25,2,1,0.25,0,28,1.4
135,0,7e+05,.,1,3,.,.,1,25,2,1,0.25,0,28,1.4
135,0,.,0,0,3,.,.,1,25,2,1,0.25,0,28,1.4
135,0.25,.,68.2,0,3,.,.,1,25,2,1,0.25,0,28,1.4
136,0,7e+05,.,1,3,.,.,1,25,2,1,0.5,0,28,1.4
136,0,.,0,0,3,.,.,1,25,2,1,0.5,0,28,1.4
136,0.5,.,51,0,3,.,.,1,25,2,1,0.5,0,28,1.4
137,0,7e+05,.,1,3,.,.,1,25,2,1,0.5,0,28,1.4
137,0,.,0,0,3,.,.,1,25,2,1,0.5,0,28,1.4
137,0.5,.,33.7,0,3,.,.,1,25,2,1,0.5,0,28,1.4
138,0,7e+05,.,1,3,.,.,1,25,2,1,0.5,0,28,1.4
138,0,.,0,0,3,.,.,1,25,2,1,0.5,0,28,1.4
138,0.5,.,4.6,0,3,.,.,1,25,2,1,0.5,0,28,1.4
139,0,7e+05,.,1,3,.,.,1,25,2,1,1,0,28,1.4
139,0,.,0,0,3,.,.,1,25,2,1,1,0,28,1.4
139,1,.,114.8,0,3,.,.,1,25,2,1,1,0,28,1.4
140,0,7e+05,.,1,3,.,.,1,25,2,1,1,0,28,1.4
140,0,.,0,0,3,.,.,1,25,2,1,1,0,28,1.4
140,1,.,17.8,0,3,.,.,1,25,2,1,1,0,28,1.4
141,0,7e+05,.,1,3,.,.,1,25,2,1,1,0,28,1.4
141,0,.,0,0,3,.,.,1,25,2,1,1,0,28,1.4
141,1,.,32.7,0,3,.,.,1,25,2,1,1,0,28,1.4
142,0,7e+05,.,1,3,.,.,1,25,2,1,2,0,28,1.4
142,0,.,0,0,3,.,.,1,25,2,1,2,0,28,1.4
142,2,.,3.6,0,3,.,.,1,25,2,1,2,0,28,1.4
143,0,7e+05,.,1,3,.,.,1,25,2,1,2,0,28,1.4
143,0,.,0,0,3,.,.,1,25,2,1,2,0,28,1.4
143,2,.,72.6,0,3,.,.,1,25,2,1,2,0,28,1.4
144,0,7e+05,.,1,3,.,.,1,25,2,1,2,0,28,1.4
144,0,.,0,0,3,.,.,1,25,2,1,2,0,28,1.4
144,2,.,2.2,0,3,.,.,1,25,2,1,2,0,28,1.4
145,0,7e+05,.,1,3,.,.,1,25,2,1,4,0,28,1.4
145,0,.,0,0,3,.,.,1,25,2,1,4,0,28,1.4
145,4,.,2.5,0,3,.,.,1,25,2,1,4,0,28,1.4
146,0,7e+05,.,1,3,.,.,1,25,2,1,4,0,28,1.4
146,0,.,0,0,3,.,.,1,25,2,1,4,0,28,1.4
146,4,.,14.4,0,3,.,.,1,25,2,1,4,0,28,1.4
147,0,7e+05,.,1,3,.,.,1,25,2,1,4,0,28,1.4
147,0,.,0,0,3,.,.,1,25,2,1,4,0,28,1.4
147,4,.,2.3,0,3,.,.,1,25,2,1,4,0,28,1.4
148,0,7e+05,.,1,3,.,.,1,25,2,1,6,0,28,1.4
148,0,.,0,0,3,.,.,1,25,2,1,6,0,28,1.4
148,6,.,1.1,0,3,.,.,1,25,2,1,6,0,28,1.4
149,0,7e+05,.,1,3,.,.,1,25,2,1,6,0,28,1.4
149,0,.,0,0,3,.,.,1,25,2,1,6,0,28,1.4
149,6,.,4.8,0,3,.,.,1,25,2,1,6,0,28,1.4
150,0,7e+05,.,1,3,.,.,1,25,2,1,6,0,28,1.4
150,0,.,0,0,3,.,.,1,25,2,1,6,0,28,1.4
150,6,.,5.9,0,3,.,.,1,25,2,1,6,0,28,1.4
151,0,7e+05,.,1,3,.,.,1,25,2,1,8,0,28,1.4
151,0,.,0,0,3,.,.,1,25,2,1,8,0,28,1.4
151,8,.,0.7,0,3,.,.,1,25,2,1,8,0,28,1.4
152,0,7e+05,.,1,3,.,.,1,25,2,1,8,0,28,1.4
152,0,.,0,0,3,.,.,1,25,2,1,8,0,28,1.4
152,8,.,0.7,0,3,.,.,1,25,2,1,8,0,28,1.4
153,0,7e+05,.,1,3,.,.,1,25,2,1,8,0,28,1.4
153,0,.,0,0,3,.,.,1,25,2,1,8,0,28,1.4
153,8,.,1.3,0,3,.,.,1,25,2,1,8,0,28,1.4
154,0,7e+05,.,1,3,.,.,1,25,2,1,12,0,28,1.4
154,0,.,0,0,3,.,.,1,25,2,1,12,0,28,1.4
154,12,.,0.3,0,3,.,.,1,25,2,1,12,0,28,1.4
155,0,7e+05,.,1,3,.,.,1,25,2,1,12,0,28,1.4
155,0,.,0,0,3,.,.,1,25,2,1,12,0,28,1.4
155,12,.,9.9,0,3,.,.,1,25,2,1,12,0,28,1.4
156,0,7e+05,.,1,3,.,.,1,25,2,1,12,0,28,1.4
156,0,.,0,0,3,.,.,1,25,2,1,12,0,28,1.4
156,12,.,201.9,0,3,.,.,1,25,2,1,12,0,28,1.4
157,0,7e+05,.,1,3,.,.,1,25,2,1,24,0,28,1.4
157,0,.,0,0,3,.,.,1,25,2,1,24,0,28,1.4
157,24,.,1.5,0,3,.,.,1,25,2,1,24,0,28,1.4
158,0,7e+05,.,1,3,.,.,1,25,2,1,24,0,28,1.4
158,0,.,0,0,3,.,.,1,25,2,1,24,0,28,1.4
158,24,.,0.8,0,3,.,.,1,25,2,1,24,0,28,1.4
159,0,7e+05,.,1,3,.,.,1,25,2,1,24,0,28,1.4
159,0,.,0,0,3,.,.,1,25,2,1,24,0,28,1.4
159,24,.,1.7,0,3,.,.,1,25,2,1,24,0,28,1.4
160,0,1400000,.,1,1,.,.,1,50,2,1,0.25,0,28,1.4
160,0,1400000,.,1,1,.,.,1,50,2,1,0.25,0,28,1.4
160,0,.,0,0,2,.,.,1,50,2,1,0.25,0,28,1.4
160,0,.,0,0,3,.,.,1,50,2,1,0.25,0,28,1.4
160,0.25,.,1892.2,0,2,.,.,1,50,2,1,0.25,0,28,1.4
160,0.25,.,56.8,0,3,.,.,1,50,2,1,0.25,0,28,1.4
161,0,1400000,.,1,1,.,.,1,50,2,1,0.5,0,28,1.4
161,0,1400000,.,1,1,.,.,1,50,2,1,0.5,0,28,1.4
161,0,.,0,0,2,.,.,1,50,2,1,0.5,0,28,1.4
161,0,.,0,0,3,.,.,1,50,2,1,0.5,0,28,1.4
161,0.5,.,1779.7,0,2,.,.,1,50,2,1,0.5,0,28,1.4
161,0.5,.,30.3,0,3,.,.,1,50,2,1,0.5,0,28,1.4
162,0,1400000,.,1,1,.,.,1,50,2,1,1,0,28,1.4
162,0,1400000,.,1,1,.,.,1,50,2,1,1,0,28,1.4
162,0,.,0,0,2,.,.,1,50,2,1,1,0,28,1.4
162,0,.,0,0,3,.,.,1,50,2,1,1,0,28,1.4
162,1,.,528.1,0,2,.,.,1,50,2,1,1,0,28,1.4
162,1,.,30.9,0,3,.,.,1,50,2,1,1,0,28,1.4
163,0,1400000,.,1,1,.,.,1,50,2,1,2,0,28,1.4
163,0,1400000,.,1,1,.,.,1,50,2,1,2,0,28,1.4
163,0,.,0,0,2,.,.,1,50,2,1,2,0,28,1.4
163,0,.,0,0,3,.,.,1,50,2,1,2,0,28,1.4
163,2,.,3704.5,0,2,.,.,1,50,2,1,2,0,28,1.4
163,2,.,15.8,0,3,.,.,1,50,2,1,2,0,28,1.4
164,0,1400000,.,1,1,.,.,1,50,2,1,4,0,28,1.4
164,0,1400000,.,1,1,.,.,1,50,2,1,4,0,28,1.4
164,0,.,0,0,2,.,.,1,50,2,1,4,0,28,1.4
164,0,.,0,0,3,.,.,1,50,2,1,4,0,28,1.4
164,4,.,7677.6,0,2,.,.,1,50,2,1,4,0,28,1.4
164,4,.,398,0,3,.,.,1,50,2,1,4,0,28,1.4
165,0,1400000,.,1,1,.,.,1,50,2,1,6,0,28,1.4
165,0,1400000,.,1,1,.,.,1,50,2,1,6,0,28,1.4
165,0,.,0,0,2,.,.,1,50,2,1,6,0,28,1.4
165,0,.,0,0,3,.,.,1,50,2,1,6,0,28,1.4
165,6,.,864.8,0,2,.,.,1,50,2,1,6,0,28,1.4
165,6,.,29.6,0,3,.,.,1,50,2,1,6,0,28,1.4
166,0,1400000,.,1,1,.,.,1,50,2,1,8,0,28,1.4
166,0,1400000,.,1,1,.,.,1,50,2,1,8,0,28,1.4
166,0,.,0,0,2,.,.,1,50,2,1,8,0,28,1.4
166,0,.,0,0,3,.,.,1,50,2,1,8,0,28,1.4
166,8,.,327.8,0,2,.,.,1,50,2,1,8,0,28,1.4
166,8,.,14.6,0,3,.,.,1,50,2,1,8,0,28,1.4
167,0,1400000,.,1,1,.,.,1,50,2,1,10,0,28,1.4
167,0,1400000,.,1,1,.,.,1,50,2,1,10,0,28,1.4
167,0,.,0,0,2,.,.,1,50,2,1,10,0,28,1.4
167,0,.,0,0,3,.,.,1,50,2,1,10,0,28,1.4
167,10,.,292.7,0,2,.,.,1,50,2,1,10,0,28,1.4
167,10,.,13.9,0,3,.,.,1,50,2,1,10,0,28,1.4
168,0,1400000,.,1,1,.,.,1,50,2,1,12,0,28,1.4
168,0,1400000,.,1,1,.,.,1,50,2,1,12,0,28,1.4
168,0,.,0,0,2,.,.,1,50,2,1,12,0,28,1.4
168,0,.,0,0,3,.,.,1,50,2,1,12,0,28,1.4
168,12,.,302.2,0,2,.,.,1,50,2,1,12,0,28,1.4
168,12,.,1.1,0,3,.,.,1,50,2,1,12,0,28,1.4
169,0,1400000,.,1,1,.,.,1,50,2,1,14,0,28,1.4
169,0,1400000,.,1,1,.,.,1,50,2,1,14,0,28,1.4
169,0,.,0,0,2,.,.,1,50,2,1,14,0,28,1.4
169,0,.,0,0,3,.,.,1,50,2,1,14,0,28,1.4
169,14,.,144.8,0,2,.,.,1,50,2,1,14,0,28,1.4
169,14,.,8.9,0,3,.,.,1,50,2,1,14,0,28,1.4
170,0,1400000,.,1,1,.,.,1,50,2,1,16,0,28,1.4
170,0,1400000,.,1,1,.,.,1,50,2,1,16,0,28,1.4
170,0,.,0,0,2,.,.,1,50,2,1,16,0,28,1.4
170,0,.,0,0,3,.,.,1,50,2,1,16,0,28,1.4
170,16,.,765.9,0,2,.,.,1,50,2,1,16,0,28,1.4
170,16,.,3.2,0,3,.,.,1,50,2,1,16,0,28,1.4
171,0,1400000,.,1,1,.,.,1,50,2,1,20,0,28,1.4
171,0,1400000,.,1,1,.,.,1,50,2,1,20,0,28,1.4
171,0,.,0,0,2,.,.,1,50,2,1,20,0,28,1.4
171,0,.,0,0,3,.,.,1,50,2,1,20,0,28,1.4
171,20,.,261.4,0,2,.,.,1,50,2,1,20,0,28,1.4
171,20,.,0.6,0,3,.,.,1,50,2,1,20,0,28,1.4
172,0,1400000,.,1,1,.,.,1,50,2,1,24,0,28,1.4
172,0,1400000,.,1,1,.,.,1,50,2,1,24,0,28,1.4
172,0,.,0,0,2,.,.,1,50,2,1,24,0,28,1.4
172,0,.,0,0,3,.,.,1,50,2,1,24,0,28,1.4
172,24,.,209.1,0,2,.,.,1,50,2,1,24,0,28,1.4
172,24,.,5.2,0,3,.,.,1,50,2,1,24,0,28,1.4
173,0,1400000,.,1,1,.,.,1,50,2,1,28,0,28,1.4
173,0,1400000,.,1,1,.,.,1,50,2,1,28,0,28,1.4
173,0,.,0,0,2,.,.,1,50,2,1,28,0,28,1.4
173,0,.,0,0,3,.,.,1,50,2,1,28,0,28,1.4
173,28,.,203.2,0,2,.,.,1,50,2,1,28,0,28,1.4
173,28,.,2.6,0,3,.,.,1,50,2,1,28,0,28,1.4
174,0,1400000,.,1,1,.,.,1,50,2,1,0.25,0,28,1.4
174,0,1400000,.,1,1,.,.,1,50,2,1,0.25,0,28,1.4
174,0,.,0,0,2,.,.,1,50,2,1,0.25,0,28,1.4
174,0,.,0,0,3,.,.,1,50,2,1,0.25,0,28,1.4
174,0.25,.,2801.8,0,2,.,.,1,50,2,1,0.25,0,28,1.4
174,0.25,.,42.4,0,3,.,.,1,50,2,1,0.25,0,28,1.4
175,0,1400000,.,1,1,.,.,1,50,2,1,0.5,0,28,1.4
175,0,1400000,.,1,1,.,.,1,50,2,1,0.5,0,28,1.4
175,0,.,0,0,2,.,.,1,50,2,1,0.5,0,28,1.4
175,0,.,0,0,3,.,.,1,50,2,1,0.5,0,28,1.4
175,0.5,.,722.5,0,2,.,.,1,50,2,1,0.5,0,28,1.4
175,0.5,.,252.4,0,3,.,.,1,50,2,1,0.5,0,28,1.4
176,0,1400000,.,1,1,.,.,1,50,2,1,1,0,28,1.4
176,0,1400000,.,1,1,.,.,1,50,2,1,1,0,28,1.4
176,0,.,0,0,2,.,.,1,50,2,1,1,0,28,1.4
176,0,.,0,0,3,.,.,1,50,2,1,1,0,28,1.4
176,1,.,491.9,0,2,.,.,1,50,2,1,1,0,28,1.4
176,1,.,166.7,0,3,.,.,1,50,2,1,1,0,28,1.4
177,0,1400000,.,1,1,.,.,1,50,2,1,2,0,28,1.4
177,0,1400000,.,1,1,.,.,1,50,2,1,2,0,28,1.4
177,0,.,0,0,2,.,.,1,50,2,1,2,0,28,1.4
177,0,.,0,0,3,.,.,1,50,2,1,2,0,28,1.4
177,2,.,570.7,0,2,.,.,1,50,2,1,2,0,28,1.4
177,2,.,170.9,0,3,.,.,1,50,2,1,2,0,28,1.4
178,0,1400000,.,1,1,.,.,1,50,2,1,4,0,28,1.4
178,0,1400000,.,1,1,.,.,1,50,2,1,4,0,28,1.4
178,0,.,0,0,2,.,.,1,50,2,1,4,0,28,1.4
178,0,.,0,0,3,.,.,1,50,2,1,4,0,28,1.4
178,4,.,730,0,2,.,.,1,50,2,1,4,0,28,1.4
178,4,.,324.6,0,3,.,.,1,50,2,1,4,0,28,1.4
179,0,1400000,.,1,1,.,.,1,50,2,1,6,0,28,1.4
179,0,1400000,.,1,1,.,.,1,50,2,1,6,0,28,1.4
179,0,.,0,0,2,.,.,1,50,2,1,6,0,28,1.4
179,0,.,0,0,3,.,.,1,50,2,1,6,0,28,1.4
179,6,.,319.4,0,2,.,.,1,50,2,1,6,0,28,1.4
179,6,.,18.4,0,3,.,.,1,50,2,1,6,0,28,1.4
180,0,1400000,.,1,1,.,.,1,50,2,1,8,0,28,1.4
180,0,1400000,.,1,1,.,.,1,50,2,1,8,0,28,1.4
180,0,.,0,0,2,.,.,1,50,2,1,8,0,28,1.4
180,0,.,0,0,3,.,.,1,50,2,1,8,0,28,1.4
180,8,.,296.6,0,2,.,.,1,50,2,1,8,0,28,1.4
180,8,.,1.3,0,3,.,.,1,50,2,1,8,0,28,1.4
181,0,1400000,.,1,1,.,.,1,50,2,1,10,0,28,1.4
181,0,1400000,.,1,1,.,.,1,50,2,1,10,0,28,1.4
181,0,.,0,0,2,.,.,1,50,2,1,10,0,28,1.4
181,0,.,0,0,3,.,.,1,50,2,1,10,0,28,1.4
181,10,.,1378.2,0,2,.,.,1,50,2,1,10,0,28,1.4
181,10,.,3.2,0,3,.,.,1,50,2,1,10,0,28,1.4
182,0,1400000,.,1,1,.,.,1,50,2,1,12,0,28,1.4
182,0,1400000,.,1,1,.,.,1,50,2,1,12,0,28,1.4
182,0,.,0,0,2,.,.,1,50,2,1,12,0,28,1.4
182,0,.,0,0,3,.,.,1,50,2,1,12,0,28,1.4
182,12,.,170.6,0,2,.,.,1,50,2,1,12,0,28,1.4
182,12,.,0.7,0,3,.,.,1,50,2,1,12,0,28,1.4
183,0,1400000,.,1,1,.,.,1,50,2,1,14,0,28,1.4
183,0,1400000,.,1,1,.,.,1,50,2,1,14,0,28,1.4
183,0,.,0,0,2,.,.,1,50,2,1,14,0,28,1.4
183,0,.,0,0,3,.,.,1,50,2,1,14,0,28,1.4
183,14,.,37.1,0,2,.,.,1,50,2,1,14,0,28,1.4
183,14,.,1.7,0,3,.,.,1,50,2,1,14,0,28,1.4
184,0,1400000,.,1,1,.,.,1,50,2,1,16,0,28,1.4
184,0,1400000,.,1,1,.,.,1,50,2,1,16,0,28,1.4
184,0,.,0,0,2,.,.,1,50,2,1,16,0,28,1.4
184,0,.,0,0,3,.,.,1,50,2,1,16,0,28,1.4
184,16,.,100.9,0,2,.,.,1,50,2,1,16,0,28,1.4
184,16,.,1.7,0,3,.,.,1,50,2,1,16,0,28,1.4
185,0,1400000,.,1,1,.,.,1,50,2,1,20,0,28,1.4
185,0,1400000,.,1,1,.,.,1,50,2,1,20,0,28,1.4
185,0,.,0,0,2,.,.,1,50,2,1,20,0,28,1.4
185,0,.,0,0,3,.,.,1,50,2,1,20,0,28,1.4
185,20,.,114.3,0,2,.,.,1,50,2,1,20,0,28,1.4
185,20,.,0.4,0,3,.,.,1,50,2,1,20,0,28,1.4
186,0,1400000,.,1,1,.,.,1,50,2,1,24,0,28,1.4
186,0,1400000,.,1,1,.,.,1,50,2,1,24,0,28,1.4
186,0,.,0,0,2,.,.,1,50,2,1,24,0,28,1.4
186,0,.,0,0,3,.,.,1,50,2,1,24,0,28,1.4
186,24,.,173.5,0,2,.,.,1,50,2,1,24,0,28,1.4
186,24,.,1.6,0,3,.,.,1,50,2,1,24,0,28,1.4
187,0,1400000,.,1,1,.,.,1,50,2,1,28,0,28,1.4
187,0,1400000,.,1,1,.,.,1,50,2,1,28,0,28,1.4
187,0,.,0,0,2,.,.,1,50,2,1,28,0,28,1.4
187,0,.,0,0,3,.,.,1,50,2,1,28,0,28,1.4
187,28,.,38.7,0,2,.,.,1,50,2,1,28,0,28,1.4
187,28,.,1.1,0,3,.,.,1,50,2,1,28,0,28,1.4
188,0,1400000,.,1,1,.,.,1,50,2,1,0.25,0,28,1.4
188,0,.,0,0,2,.,.,1,50,2,1,0.25,0,28,1.4
188,0,.,0,0,3,.,.,1,50,2,1,0.25,0,28,1.4
188,0.25,.,756.3,0,2,.,.,1,50,2,1,0.25,0,28,1.4
188,0.25,.,51.2,0,3,.,.,1,50,2,1,0.25,0,28,1.4
189,0,1400000,.,1,1,.,.,1,50,2,1,0.5,0,28,1.4
189,0,.,0,0,2,.,.,1,50,2,1,0.5,0,28,1.4
189,0,.,0,0,3,.,.,1,50,2,1,0.5,0,28,1.4
189,0.5,.,605.5,0,2,.,.,1,50,2,1,0.5,0,28,1.4
189,0.5,.,53.3,0,3,.,.,1,50,2,1,0.5,0,28,1.4
190,0,1400000,.,1,1,.,.,1,50,2,1,1,0,28,1.4
190,0,.,0,0,2,.,.,1,50,2,1,1,0,28,1.4
190,0,.,0,0,3,.,.,1,50,2,1,1,0,28,1.4
190,1,.,93.2,0,2,.,.,1,50,2,1,1,0,28,1.4
190,1,.,62,0,3,.,.,1,50,2,1,1,0,28,1.4
191,0,1400000,.,1,1,.,.,1,50,2,1,2,0,28,1.4
191,0,.,0,0,2,.,.,1,50,2,1,2,0,28,1.4
191,0,.,0,0,3,.,.,1,50,2,1,2,0,28,1.4
191,2,.,419,0,2,.,.,1,50,2,1,2,0,28,1.4
191,2,.,188.6,0,3,.,.,1,50,2,1,2,0,28,1.4
192,0,1400000,.,1,1,.,.,1,50,2,1,4,0,28,1.4
192,0,.,0,0,2,.,.,1,50,2,1,4,0,28,1.4
192,0,.,0,0,3,.,.,1,50,2,1,4,0,28,1.4
192,4,.,2177.9,0,2,.,.,1,50,2,1,4,0,28,1.4
192,4,.,124.1,0,3,.,.,1,50,2,1,4,0,28,1.4
193,0,1400000,.,1,1,.,.,1,50,2,1,6,0,28,1.4
193,0,.,0,0,2,.,.,1,50,2,1,6,0,28,1.4
193,0,.,0,0,3,.,.,1,50,2,1,6,0,28,1.4
193,6,.,157.1,0,2,.,.,1,50,2,1,6,0,28,1.4
193,6,.,2.5,0,3,.,.,1,50,2,1,6,0,28,1.4
194,0,1400000,.,1,1,.,.,1,50,2,1,8,0,28,1.4
194,0,.,0,0,2,.,.,1,50,2,1,8,0,28,1.4
194,0,.,0,0,3,.,.,1,50,2,1,8,0,28,1.4
194,8,.,119.3,0,2,.,.,1,50,2,1,8,0,28,1.4
194,8,.,6.9,0,3,.,.,1,50,2,1,8,0,28,1.4
195,0,1400000,.,1,1,.,.,1,50,2,1,10,0,28,1.4
195,0,.,0,0,2,.,.,1,50,2,1,10,0,28,1.4
195,0,.,0,0,3,.,.,1,50,2,1,10,0,28,1.4
195,10,.,1038.2,0,2,.,.,1,50,2,1,10,0,28,1.4
195,10,.,15.8,0,3,.,.,1,50,2,1,10,0,28,1.4
196,0,1400000,.,1,1,.,.,1,50,2,1,12,0,28,1.4
196,0,.,0,0,2,.,.,1,50,2,1,12,0,28,1.4
196,0,.,0,0,3,.,.,1,50,2,1,12,0,28,1.4
196,12,.,90.9,0,2,.,.,1,50,2,1,12,0,28,1.4
196,12,.,2.2,0,3,.,.,1,50,2,1,12,0,28,1.4
197,0,1400000,.,1,1,.,.,1,50,2,1,14,0,28,1.4
197,0,.,0,0,2,.,.,1,50,2,1,14,0,28,1.4
197,0,.,0,0,3,.,.,1,50,2,1,14,0,28,1.4
197,14,.,120.4,0,2,.,.,1,50,2,1,14,0,28,1.4
197,14,.,1.1,0,3,.,.,1,50,2,1,14,0,28,1.4
198,0,1400000,.,1,1,.,.,1,50,2,1,16,0,28,1.4
198,0,.,0,0,2,.,.,1,50,2,1,16,0,28,1.4
198,0,.,0,0,3,.,.,1,50,2,1,16,0,28,1.4
198,16,.,893.1,0,2,.,.,1,50,2,1,16,0,28,1.4
198,16,.,41.5,0,3,.,.,1,50,2,1,16,0,28,1.4
199,0,1400000,.,1,1,.,.,1,50,2,1,20,0,28,1.4
199,0,.,0,0,2,.,.,1,50,2,1,20,0,28,1.4
199,0,.,0,0,3,.,.,1,50,2,1,20,0,28,1.4
199,20,.,83,0,2,.,.,1,50,2,1,20,0,28,1.4
199,20,.,7.2,0,3,.,.,1,50,2,1,20,0,28,1.4
200,0,1400000,.,1,1,.,.,1,50,2,1,24,0,28,1.4
200,0,.,0,0,2,.,.,1,50,2,1,24,0,28,1.4
200,0,.,0,0,3,.,.,1,50,2,1,24,0,28,1.4
200,24,.,73.1,0,2,.,.,1,50,2,1,24,0,28,1.4
200,24,.,0.5,0,3,.,.,1,50,2,1,24,0,28,1.4
201,0,1400000,.,1,1,.,.,1,50,2,1,28,0,28,1.4
201,0,.,0,0,2,.,.,1,50,2,1,28,0,28,1.4
201,0,.,0,0,3,.,.,1,50,2,1,28,0,28,1.4
201,28,.,149.9,0,2,.,.,1,50,2,1,28,0,28,1.4
201,28,.,5.6,0,3,.,.,1,50,2,1,28,0,28,1.4
202,0,1400000,.,1,1,.,.,1,50,2,1,0.25,0,28,1.4
202,0,.,0,0,2,.,.,1,50,2,1,0.25,0,28,1.4
202,0,.,0,0,3,.,.,1,50,2,1,0.25,0,28,1.4
202,0.25,.,1845.9,0,2,.,.,1,50,2,1,0.25,0,28,1.4
202,0.25,.,67.7,0,3,.,.,1,50,2,1,0.25,0,28,1.4
203,0,1400000,.,1,1,.,.,1,50,2,1,0.5,0,28,1.4
203,0,.,0,0,2,.,.,1,50,2,1,0.5,0,28,1.4
203,0,.,0,0,3,.,.,1,50,2,1,0.5,0,28,1.4
203,0.5,.,1238.8,0,2,.,.,1,50,2,1,0.5,0,28,1.4
203,0.5,.,42.6,0,3,.,.,1,50,2,1,0.5,0,28,1.4
204,0,1400000,.,1,1,.,.,1,50,2,1,1,0,28,1.4
204,0,.,0,0,2,.,.,1,50,2,1,1,0,28,1.4
204,0,.,0,0,3,.,.,1,50,2,1,1,0,28,1.4
204,1,.,201.4,0,2,.,.,1,50,2,1,1,0,28,1.4
204,1,.,39.9,0,3,.,.,1,50,2,1,1,0,28,1.4
205,0,1400000,.,1,1,.,.,1,50,2,1,2,0,28,1.4
205,0,.,0,0,2,.,.,1,50,2,1,2,0,28,1.4
205,0,.,0,0,3,.,.,1,50,2,1,2,0,28,1.4
205,2,.,1166.9,0,2,.,.,1,50,2,1,2,0,28,1.4
205,2,.,248.6,0,3,.,.,1,50,2,1,2,0,28,1.4
206,0,1400000,.,1,1,.,.,1,50,2,1,4,0,28,1.4
206,0,.,0,0,2,.,.,1,50,2,1,4,0,28,1.4
206,0,.,0,0,3,.,.,1,50,2,1,4,0,28,1.4
206,4,.,140.6,0,2,.,.,1,50,2,1,4,0,28,1.4
206,4,.,22.1,0,3,.,.,1,50,2,1,4,0,28,1.4
207,0,1400000,.,1,1,.,.,1,50,2,1,6,0,28,1.4
207,0,.,0,0,2,.,.,1,50,2,1,6,0,28,1.4
207,0,.,0,0,3,.,.,1,50,2,1,6,0,28,1.4
207,6,.,242.6,0,2,.,.,1,50,2,1,6,0,28,1.4
207,6,.,59.1,0,3,.,.,1,50,2,1,6,0,28,1.4
208,0,1400000,.,1,1,.,.,1,50,2,1,8,0,28,1.4
208,0,.,0,0,2,.,.,1,50,2,1,8,0,28,1.4
208,0,.,0,0,3,.,.,1,50,2,1,8,0,28,1.4
208,8,.,167.2,0,2,.,.,1,50,2,1,8,0,28,1.4
208,8,.,8.7,0,3,.,.,1,50,2,1,8,0,28,1.4
209,0,1400000,.,1,1,.,.,1,50,2,1,10,0,28,1.4
209,0,.,0,0,2,.,.,1,50,2,1,10,0,28,1.4
209,0,.,0,0,3,.,.,1,50,2,1,10,0,28,1.4
209,10,.,466.9,0,2,.,.,1,50,2,1,10,0,28,1.4
209,10,.,3.4,0,3,.,.,1,50,2,1,10,0,28,1.4
210,0,1400000,.,1,1,.,.,1,50,2,1,12,0,28,1.4
210,0,.,0,0,2,.,.,1,50,2,1,12,0,28,1.4
210,0,.,0,0,3,.,.,1,50,2,1,12,0,28,1.4
210,12,.,644.1,0,2,.,.,1,50,2,1,12,0,28,1.4
210,12,.,1.5,0,3,.,.,1,50,2,1,12,0,28,1.4
211,0,1400000,.,1,1,.,.,1,50,2,1,14,0,28,1.4
211,0,.,0,0,2,.,.,1,50,2,1,14,0,28,1.4
211,0,.,0,0,3,.,.,1,50,2,1,14,0,28,1.4
211,14,.,54,0,2,.,.,1,50,2,1,14,0,28,1.4
211,14,.,1,0,3,.,.,1,50,2,1,14,0,28,1.4
212,0,1400000,.,1,1,.,.,1,50,2,1,16,0,28,1.4
212,0,.,0,0,2,.,.,1,50,2,1,16,0,28,1.4
212,0,.,0,0,3,.,.,1,50,2,1,16,0,28,1.4
212,16,.,106.4,0,2,.,.,1,50,2,1,16,0,28,1.4
212,16,.,42.8,0,3,.,.,1,50,2,1,16,0,28,1.4
213,0,1400000,.,1,1,.,.,1,50,2,1,20,0,28,1.4
213,0,.,0,0,2,.,.,1,50,2,1,20,0,28,1.4
213,0,.,0,0,3,.,.,1,50,2,1,20,0,28,1.4
213,20,.,131.7,0,2,.,.,1,50,2,1,20,0,28,1.4
213,20,.,0.8,0,3,.,.,1,50,2,1,20,0,28,1.4
214,0,1400000,.,1,1,.,.,1,50,2,1,24,0,28,1.4
214,0,.,0,0,2,.,.,1,50,2,1,24,0,28,1.4
214,0,.,0,0,3,.,.,1,50,2,1,24,0,28,1.4
214,24,.,108.3,0,2,.,.,1,50,2,1,24,0,28,1.4
214,24,.,0.8,0,3,.,.,1,50,2,1,24,0,28,1.4
215,0,1400000,.,1,1,.,.,1,50,2,1,28,0,28,1.4
215,0,.,0,0,2,.,.,1,50,2,1,28,0,28,1.4
215,0,.,0,0,3,.,.,1,50,2,1,28,0,28,1.4
215,28,.,317.6,0,2,.,.,1,50,2,1,28,0,28,1.4
215,28,.,0.4,0,3,.,.,1,50,2,1,28,0,28,1.4
